상권_코드,상권_코드_명,상권_구분_코드_명,floating_population,resident_population,households,worker_population,apartment_complexes,apartment_avg_value,store_auto_beauty,store_auto_repair,store_gas_station,store_convenience,sales_auto_beauty,sales_auto_repair,sales_convenience,population_quarter,commercial_quarter
3001496,강남 마이스 관광특구,관광특구,107933,34.0,25.0,102032.0,,,1.0,0.0,0.0,3.0,0.0,0.0,6101896107.0,2026Q2,2025Q4
3001495,잠실 관광특구,관광특구,4811547,11144.0,7648.0,137602.0,27.0,593103143.0,0.0,7.0,2.0,21.0,0.0,586677396.0,13471964772.0,2026Q2,2025Q4
3001494,종로?청계 관광특구,관광특구,8284977,1767.0,1511.0,46516.0,3.0,159296970.0,0.0,0.0,0.0,9.0,0.0,0.0,5098542853.0,2026Q2,2025Q4
3001493,동대문패션타운 관광특구,관광특구,2895399,2787.0,1893.0,33754.0,2.0,525833333.0,2.0,1.0,0.0,6.0,0.0,0.0,5387933448.0,2026Q2,2025Q4
3001492,명동 남대문 북창동 다동 무교동 관광특구,관광특구,7367247,952.0,416.0,199667.0,,,1.0,0.0,0.0,30.0,0.0,0.0,17880894047.0,2026Q2,2025Q4
3001491,이태원 관광특구,관광특구,2110363,3924.0,2533.0,35826.0,53.0,448610798.0,1.0,0.0,0.0,4.0,0.0,0.0,5443233163.0,2026Q2,2025Q4
3130327,"평화시장(남평화시장, 제일평화시장, 신평화패션타운)",전통시장,57684,3.0,3.0,894.0,,,1.0,0.0,0.0,0.0,,,,2026Q2,2025Q4
3130326,고덕 골목형상점가,전통시장,92287,1760.0,785.0,278.0,2.0,619557576.0,0.0,0.0,0.0,0.0,,,,2026Q2,2025Q4
3130325,명일전통시장,전통시장,240089,1773.0,689.0,377.0,5.0,291791515.0,0.0,0.0,0.0,1.0,,,,2026Q2,2025Q4
3130324,길동복조리시장,전통시장,554465,1067.0,495.0,147.0,17.0,207670108.0,0.0,1.0,0.0,0.0,,,,2026Q2,2025Q4
3130323,둔촌역전통시장,전통시장,284487,1393.0,722.0,262.0,29.0,186899937.0,0.0,0.0,0.0,0.0,0.0,0.0,56834174.0,2026Q2,2025Q4
3130322,고분다리전통시장,전통시장,106273,658.0,409.0,82.0,9.0,198120222.0,,,,,,,,2026Q2,2025Q4
3130321,장신구 특화거리 상점가,전통시장,454863,1388.0,668.0,1249.0,35.0,207652176.0,0.0,0.0,0.0,0.0,,,,2026Q2,2025Q4
3130320,암사종합시장,전통시장,253961,952.0,567.0,989.0,16.0,166468131.0,0.0,1.0,0.0,0.0,,,,2026Q2,2025Q4
3130319,성내전통시장,전통시장,638126,1160.0,645.0,95.0,11.0,172110626.0,0.0,0.0,0.0,0.0,,,,2026Q2,2025Q4
3130318,로데오거리상점가,전통시장,545650,751.0,647.0,625.0,1.0,109545455.0,2.0,0.0,0.0,2.0,0.0,0.0,1719712713.0,2026Q2,2025Q4
3130317,마천중앙시장,전통시장,585633,956.0,526.0,212.0,10.0,294077652.0,1.0,0.0,0.0,0.0,,,,2026Q2,2025Q4
3130316,마천시장,전통시장,72593,94.0,56.0,69.0,,,,,,,,,,2026Q2,2025Q4
3130315,문정동 로데오거리 상점가(문정동 로데오거리),전통시장,598938,1138.0,638.0,7986.0,19.0,251691439.0,1.0,3.0,0.0,0.0,0.0,603346592.0,0.0,2026Q2,2025Q4
3130314,풍납시장,전통시장,1125995,3013.0,1633.0,567.0,28.0,189310025.0,2.0,0.0,0.0,1.0,0.0,0.0,89393839.0,2026Q2,2025Q4
3130313,방이시장,전통시장,1036063,5071.0,2755.0,3965.0,184.0,226895191.0,2.0,0.0,1.0,2.0,0.0,0.0,920298433.0,2026Q2,2025Q4
3130312,석촌시장,전통시장,270507,899.0,552.0,739.0,17.0,232257873.0,3.0,1.0,0.0,0.0,,,,2026Q2,2025Q4
3130311,새마을시장,전통시장,846266,2557.0,1691.0,1020.0,48.0,231093561.0,0.0,0.0,0.0,1.0,0.0,0.0,245064223.0,2026Q2,2025Q4
3130310,강남개포시장,전통시장,141670,120.0,105.0,5643.0,,,0.0,1.0,0.0,2.0,0.0,0.0,301660915.0,2026Q2,2025Q4
3130309,은마종합상점가,전통시장,34870,537.0,170.0,1533.0,1.0,1543083333.0,,,,,,,,2026Q2,2025Q4
3130308,청담삼익시장,전통시장,41892,,,,,,0.0,0.0,0.0,0.0,,,,2026Q2,2025Q4
3130307,도곡시장,전통시장,63237,33.0,11.0,149.0,1.0,469000000.0,,,,,,,,2026Q2,2025Q4
3130306,강남언주로,전통시장,246551,356.0,250.0,940.0,4.0,224923611.0,0.0,0.0,0.0,0.0,,,,2026Q2,2025Q4
3130305,논현종합시장,전통시장,28089,90.0,52.0,137.0,3.0,587454545.0,,,,,,,,2026Q2,2025Q4
3130304,신사상가,전통시장,19836,,,128.0,,,,,,,,,,2026Q2,2025Q4
3130303,영동전통시장,전통시장,361718,987.0,679.0,996.0,16.0,254237753.0,0.0,1.0,0.0,0.0,,,,2026Q2,2025Q4
3130302,강남시장(강남구 강남시장),전통시장,49563,252.0,105.0,97.0,1.0,337500000.0,,,,,,,,2026Q2,2025Q4
3130301,양재시장,전통시장,53552,172.0,124.0,408.0,5.0,213066667.0,0.0,0.0,0.0,0.0,,,,2026Q2,2025Q4
3130296,남부종합시장,전통시장,34472,186.0,75.0,413.0,4.0,336670758.0,1.0,0.0,0.0,0.0,,,,2026Q2,2025Q4
3130295,인헌시장(원당종합시장),전통시장,273365,1247.0,917.0,528.0,9.0,154154491.0,0.0,0.0,0.0,0.0,,,,2026Q2,2025Q4
3130294,관악중부시장,전통시장,360232,690.0,534.0,454.0,3.0,194666667.0,,,,,,,,2026Q2,2025Q4
3130293,봉천중앙시장,전통시장,101488,504.0,431.0,127.0,2.0,205843434.0,0.0,0.0,0.0,0.0,,,,2026Q2,2025Q4
3130292,봉천현대시장,전통시장,93602,9.0,5.0,53.0,,,,,,,,,,2026Q2,2025Q4
3130291,봉천제일종합시장,전통시장,26355,238.0,226.0,48.0,,,,,,,,,,2026Q2,2025Q4
3130290,영림시장,전통시장,456956,2079.0,1555.0,868.0,27.0,235725583.0,0.0,0.0,0.0,0.0,0.0,0.0,299456393.0,2026Q2,2025Q4
3130289,봉일시장,전통시장,64092,1.0,1.0,157.0,,,,,,,,,,2026Q2,2025Q4
3130288,신림현대종합상가,전통시장,17007,14.0,8.0,56.0,,,,,,,,,,2026Q2,2025Q4
3130287,삼성동 시장(삼성동시장),전통시장,1148182,136.0,104.0,30.0,,,,,,,,,,2026Q2,2025Q4
3130286,신신림시장(삼성동시장),전통시장,105894,32.0,22.0,51.0,,,,,,,,,,2026Q2,2025Q4
3130285,서원동상점가,전통시장,870263,896.0,818.0,988.0,1.0,93075000.0,0.0,0.0,0.0,1.0,0.0,0.0,1778885526.0,2026Q2,2025Q4
3130284,관악종합시장(신원시장),전통시장,58228,7.0,5.0,12.0,,,,,,,,,,2026Q2,2025Q4
3130283,신원시장,전통시장,601072,435.0,305.0,103.0,4.0,172078889.0,0.0,0.0,0.0,0.0,,,,2026Q2,2025Q4
3130282,난곡 골목형상점가,전통시장,65842,313.0,158.0,58.0,2.0,187442857.0,,,,,,,,2026Q2,2025Q4
3130281,우림시장,전통시장,49114,92.0,38.0,66.0,1.0,204454545.0,0.0,0.0,0.0,1.0,,,,2026Q2,2025Q4
3130280,신림종합시장,전통시장,34263,266.0,220.0,63.0,,,,,,,,,,2026Q2,2025Q4
3130279,관악신사시장,전통시장,521026,1991.0,1253.0,373.0,26.0,187307978.0,,,,,,,,2026Q2,2025Q4
3130278,미성동 도깨비시장 골목형상점가,전통시장,253347,733.0,400.0,195.0,9.0,126452646.0,,,,,,,,2026Q2,2025Q4
3130277,조원동 펭귄시장(신림중앙시장),전통시장,178971,1361.0,882.0,173.0,17.0,180005093.0,0.0,0.0,0.0,0.0,,,,2026Q2,2025Q4
3130276,신림중앙시장(조원동 펭귄시장),전통시장,122919,58.0,51.0,50.0,2.0,87040000.0,,,,,,,,2026Q2,2025Q4
3130275,강남골목시장,전통시장,494240,387.0,261.0,88.0,3.0,162272222.0,,,,,,,,2026Q2,2025Q4
3130274,사당1동먹자골목상점가(사당1동먹자골목),전통시장,757568,712.0,512.0,492.0,4.0,177781528.0,0.0,0.0,0.0,1.0,,,,2026Q2,2025Q4
3130273,남성사계시장(남성시장),전통시장,1014167,696.0,476.0,380.0,2.0,143825000.0,0.0,0.0,0.0,1.0,,,,2026Q2,2025Q4
3130272,사당시장,전통시장,38532,8.0,4.0,112.0,,,,,,,,,,2026Q2,2025Q4
3130271,남성역골목시장,전통시장,552642,523.0,318.0,267.0,5.0,191120595.0,0.0,1.0,1.0,0.0,0.0,0.0,39000000.0,2026Q2,2025Q4
3130270,흑석시장,전통시장,74613,42.0,28.0,3.0,,,,,,,,,,2026Q2,2025Q4
3130269,강남시장(동작구 강남시장),전통시장,46718,109.0,66.0,82.0,1.0,82816667.0,,,,,,,,2026Q2,2025Q4
3130268,상도전통시장,전통시장,198707,1452.0,915.0,564.0,14.0,199827025.0,1.0,2.0,0.0,1.0,,,,2026Q2,2025Q4
3130267,본동인정시장(기능상실),전통시장,188712,85.0,57.0,72.0,1.0,503454545.0,,,,,,,,2026Q2,2025Q4
3130266,만양로상점가,전통시장,118007,104.0,96.0,73.0,,,0.0,0.0,0.0,1.0,,,,2026Q2,2025Q4
3130265,노량진중앙시장,전통시장,222594,166.0,150.0,107.0,,,,,,,,,,2026Q2,2025Q4
3130264,상도약수골목형상점가,전통시장,160988,499.0,274.0,134.0,11.0,210233333.0,0.0,0.0,0.0,0.0,,,,2026Q2,2025Q4
3130263,신노량진시장(기능상실),전통시장,12782,202.0,127.0,60.0,,,,,,,,,,2026Q2,2025Q4
3130262,상도도깨비 골목형상점가,전통시장,126868,434.0,280.0,58.0,9.0,202423611.0,,,,,,,,2026Q2,2025Q4
3130261,성대전통시장(성대시장),전통시장,208542,1681.0,1071.0,389.0,14.0,202004445.0,0.0,0.0,0.0,1.0,,,,2026Q2,2025Q4
3130260,신대방1동골목상권,전통시장,143344,497.0,303.0,452.0,3.0,150693056.0,1.0,0.0,0.0,0.0,,,,2026Q2,2025Q4
3130259,대신시장,전통시장,37285,226.0,118.0,28.0,,,1.0,0.0,0.0,0.0,,,,2026Q2,2025Q4
3130258,영진시장A동,전통시장,36507,48.0,26.0,22.0,1.0,130000000.0,,,,,,,,2026Q2,2025Q4
3130257,영등포시장기계공구상가,전통시장,186480,886.0,749.0,279.0,,,1.0,0.0,0.0,0.0,,,,2026Q2,2025Q4
3130256,신동시장,전통시장,127045,37.0,22.0,12.0,,,,,,,,,,2026Q2,2025Q4
3130255,영등포전통시장,전통시장,747943,573.0,449.0,221.0,2.0,194937500.0,,,,,,,,2026Q2,2025Q4
3130254,남서울상가,전통시장,52672,2.0,2.0,9.0,,,,,,,,,,2026Q2,2025Q4
3130253,영신상가(제일상가),전통시장,57761,32.0,29.0,45.0,,,0.0,0.0,0.0,0.0,,,,2026Q2,2025Q4
3130250,삼구시장(로타리상가),전통시장,58495,4.0,4.0,37.0,,,,,,,,,,2026Q2,2025Q4
3130249,동남상가,전통시장,54880,142.0,69.0,,1.0,148325000.0,,,,,,,,2026Q2,2025Q4
3130248,영등포역지하도상점가,전통시장,116480,40.0,30.0,1605.0,,,1.0,0.0,0.0,8.0,0.0,0.0,758630169.0,2026Q2,2025Q4
3130247,우리시장,전통시장,275886,332.0,189.0,78.0,,,,,,,,,,2026Q2,2025Q4
3130246,영등포청과시장(조광시장),전통시장,1420678,1877.0,1299.0,544.0,23.0,192740720.0,0.0,1.0,2.0,2.0,0.0,0.0,114152275.0,2026Q2,2025Q4
3130245,영일시장,전통시장,230388,118.0,82.0,4794.0,,,0.0,0.0,0.0,0.0,,,,2026Q2,2025Q4
3130244,대림중앙시장,전통시장,354121,924.0,544.0,361.0,7.0,141574127.0,1.0,2.0,0.0,0.0,,,,2026Q2,2025Q4
3130243,도림시장,전통시장,50415,70.0,49.0,48.0,,,,,,,,,,2026Q2,2025Q4
3130242,대림중앙 골목형상점가,전통시장,252988,381.0,200.0,166.0,3.0,153041667.0,0.0,0.0,0.0,0.0,,,,2026Q2,2025Q4
3130241,선유도역 골목형상점가,전통시장,244506,1357.0,707.0,2951.0,6.0,204034293.0,1.0,2.0,0.0,3.0,0.0,0.0,413715341.0,2026Q2,2025Q4
3130240,영등포유통상가,전통시장,27453,739.0,507.0,1053.0,,,1.0,2.0,1.0,5.0,0.0,0.0,229868788.0,2026Q2,2025Q4
3130239,양남시장,전통시장,19374,,,,,,,,,,,,,2026Q2,2025Q4
3130238,은행나무시장,전통시장,437595,1226.0,623.0,118.0,24.0,156242274.0,0.0,4.0,0.0,0.0,0.0,111526165.0,0.0,2026Q2,2025Q4
3130237,박미시장(기능상실),전통시장,4867,161.0,75.0,65.0,3.0,153166667.0,,,,,,,,2026Q2,2025Q4
3130236,비단길현대시장(현대시장),전통시장,540791,1963.0,1190.0,461.0,17.0,140541480.0,0.0,0.0,0.0,0.0,0.0,0.0,203315007.0,2026Q2,2025Q4
3130235,대명여울빛거리시장(대명시장),전통시장,193042,770.0,637.0,727.0,5.0,125109182.0,0.0,0.0,0.0,0.0,,,,2026Q2,2025Q4
3130234,푸른터시장(기능상실),전통시장,17257,238.0,141.0,17.0,3.0,169087273.0,,,,,,,,2026Q2,2025Q4
3130233,남문시장,전통시장,131389,1409.0,776.0,244.0,26.0,157558296.0,,,,,,,,2026Q2,2025Q4
3130232,독산동 맛나는거리상점가(독산동 맛나는거리),전통시장,206421,796.0,482.0,96.0,9.0,128490095.0,,,,,,,,2026Q2,2025Q4
3130231,독산동 우시장,전통시장,187821,1754.0,1070.0,871.0,2.0,538863636.0,1.0,2.0,1.0,0.0,,,,2026Q2,2025Q4
3130230,가리봉시장,전통시장,152574,156.0,111.0,31.0,,,,,,,,,,2026Q2,2025Q4
3130229,남구로시장,전통시장,734868,543.0,351.0,290.0,15.0,97074944.0,0.0,0.0,0.0,1.0,,,,2026Q2,2025Q4
3130228,구로시장,전통시장,962525,176.0,108.0,96.0,3.0,134962963.0,,,,,,,,2026Q2,2025Q4
3130227,고척골목시장상점가(그라운드 고척),전통시장,76330,247.0,154.0,365.0,1.0,127900000.0,0.0,0.0,0.0,0.0,,,,2026Q2,2025Q4
3130226,고척프라자,전통시장,30811,32.0,23.0,212.0,,,,,,,,,,2026Q2,2025Q4
3130225,개봉중앙시장,전통시장,519439,2847.0,1332.0,3096.0,91.0,145721926.0,0.0,0.0,0.0,2.0,0.0,0.0,658664378.0,2026Q2,2025Q4
3130224,개봉프라자(고척근린시장),전통시장,5837,132.0,59.0,32.0,1.0,170166667.0,,,,,,,,2026Q2,2025Q4
3130223,고척근린시장,전통시장,203969,471.0,275.0,428.0,1.0,147272727.0,,,,,,,,2026Q2,2025Q4
3130222,오류시장,전통시장,319198,124.0,95.0,281.0,1.0,199000000.0,,,,,,,,2026Q2,2025Q4
3130221,"남부골목시장(남부화곡시장, 남부시장)",전통시장,300959,1973.0,986.0,642.0,29.0,151814902.0,,,,,,,,2026Q2,2025Q4
3130220,등마루시장,전통시장,20098,588.0,401.0,117.0,1.0,338666667.0,,,,,,,,2026Q2,2025Q4
3130219,까치산시장,전통시장,1926925,948.0,558.0,519.0,27.0,132143288.0,0.0,0.0,0.0,1.0,,,,2026Q2,2025Q4
3130218,신월중앙시장,전통시장,40437,72.0,42.0,258.0,,,,,,,,,,2026Q2,2025Q4
3130217,화곡본동시장,전통시장,206434,312.0,186.0,217.0,12.0,131436532.0,,,,,,,,2026Q2,2025Q4
3130216,화곡중앙시장,전통시장,248155,958.0,510.0,186.0,29.0,124875890.0,,,,,,,,2026Q2,2025Q4
3130215,대원종합시장,전통시장,39232,,,21.0,,,,,,,,,,2026Q2,2025Q4
3130214,송화벽화시장(송화골목시장),전통시장,113983,628.0,324.0,244.0,12.0,171498067.0,0.0,0.0,0.0,1.0,0.0,0.0,215396889.0,2026Q2,2025Q4
3130213,방신전통시장,전통시장,174068,421.0,193.0,504.0,3.0,287294444.0,,,,,,,,2026Q2,2025Q4
3130212,공항시장,전통시장,267343,377.0,338.0,35.0,2.0,178994156.0,0.0,0.0,0.0,0.0,,,,2026Q2,2025Q4
3130211,신정2동 골목시장(오목교중앙시장),전통시장,51057,680.0,335.0,803.0,5.0,287984259.0,,,,,,,,2026Q2,2025Q4
3130210,목2동시장,전통시장,441154,1140.0,742.0,1016.0,21.0,173793846.0,0.0,0.0,0.0,1.0,0.0,0.0,401267735.0,2026Q2,2025Q4
3130209,목사랑시장(목4동시장),전통시장,332262,1505.0,622.0,220.0,26.0,187749361.0,,,,,,,,2026Q2,2025Q4
3130208,목동깨비시장(목3동시장),전통시장,192030,1193.0,665.0,465.0,12.0,228480556.0,0.0,0.0,0.0,0.0,,,,2026Q2,2025Q4
3130207,신정1동 골목시장(신정제일시장),전통시장,75321,150.0,95.0,989.0,2.0,188220779.0,,,,,,,,2026Q2,2025Q4
3130206,신정3동 골목시장,전통시장,43769,39.0,24.0,123.0,,,0.0,0.0,0.0,1.0,,,,2026Q2,2025Q4
3130205,신곡종합시장(신월6동 골목시장),전통시장,34154,140.0,78.0,245.0,,,0.0,0.0,0.0,0.0,,,,2026Q2,2025Q4
3130204,경창시장,전통시장,205469,746.0,310.0,420.0,14.0,151858250.0,0.0,0.0,0.0,0.0,,,,2026Q2,2025Q4
3130203,서서울 골목형상점가,전통시장,88590,504.0,323.0,112.0,3.0,113388889.0,1.0,0.0,0.0,0.0,,,,2026Q2,2025Q4
3130202,신영시장,전통시장,127845,999.0,536.0,227.0,11.0,128622844.0,0.0,0.0,0.0,0.0,,,,2026Q2,2025Q4
3130201,월정로시장,전통시장,159186,1371.0,755.0,74.0,24.0,116486105.0,0.0,1.0,0.0,0.0,,,,2026Q2,2025Q4
3130200,"신월7동 골목시장(약수시장, 우성상가)",전통시장,76367,226.0,107.0,166.0,11.0,105895604.0,0.0,1.0,0.0,0.0,,,,2026Q2,2025Q4
3130199,신월3동 골목시장,전통시장,263505,750.0,477.0,72.0,3.0,132082222.0,,,,,,,,2026Q2,2025Q4
3130198,아현시장,전통시장,332402,681.0,420.0,564.0,5.0,245230303.0,0.0,0.0,0.0,0.0,,,,2026Q2,2025Q4
3130197,마포시장,전통시장,98346,59.0,57.0,149.0,,,,,,,,,,2026Q2,2025Q4
3130196,공덕시장,전통시장,44456,14.0,10.0,473.0,,,0.0,0.0,0.0,0.0,,,,2026Q2,2025Q4
3130195,도화동 상점가,전통시장,1396023,2628.0,1562.0,2623.0,15.0,315800106.0,0.0,2.0,0.0,4.0,0.0,0.0,194091107.0,2026Q2,2025Q4
3130194,용강동 상점가,전통시장,384806,583.0,265.0,1613.0,4.0,390172222.0,1.0,0.0,0.0,0.0,,,,2026Q2,2025Q4
3130193,신수시장,전통시장,59400,59.0,38.0,455.0,2.0,213187500.0,0.0,1.0,0.0,0.0,,,,2026Q2,2025Q4
3130192,동진시장,전통시장,42939,29.0,17.0,36.0,,,,,,,,,,2026Q2,2025Q4
3130191,홍대 걷고싶은 거리,전통시장,590011,478.0,332.0,882.0,5.0,121035833.0,0.0,0.0,0.0,2.0,0.0,0.0,1485688421.0,2026Q2,2025Q4
3130190,홍대소상공인상점가,전통시장,461693,307.0,247.0,475.0,7.0,137831259.0,0.0,0.0,0.0,0.0,,,,2026Q2,2025Q4
3130189,서교시장,전통시장,66454,25.0,23.0,137.0,,,,,,,,,,2026Q2,2025Q4
3130188,합정시장,전통시장,53385,67.0,40.0,9.0,1.0,336416667.0,,,,,,,,2026Q2,2025Q4
3130187,영진시장,전통시장,42131,267.0,135.0,15.0,3.0,249143750.0,,,,,,,,2026Q2,2025Q4
3130186,망원시장,전통시장,246056,1617.0,898.0,329.0,48.0,211119074.0,0.0,0.0,0.0,0.0,,,,2026Q2,2025Q4
3130185,망원월드컵시장,전통시장,207620,793.0,429.0,474.0,25.0,198435508.0,0.0,0.0,0.0,0.0,,,,2026Q2,2025Q4
3130184,마포농수산물시장,전통시장,9301,,,135.0,,,0.0,0.0,0.0,1.0,,,,2026Q2,2025Q4
3130183,상암동상점가,전통시장,1233063,2447.0,1527.0,928.0,30.0,170337366.0,3.0,0.0,0.0,1.0,,,,2026Q2,2025Q4
3130182,영천시장,전통시장,379384,321.0,212.0,352.0,3.0,127232063.0,,,,,,,,2026Q2,2025Q4
3130181,아현가구거리상점가,전통시장,2233519,609.0,389.0,271.0,2.0,296045455.0,0.0,0.0,0.0,0.0,,,,2026Q2,2025Q4
3130180,포방터시장,전통시장,211536,552.0,305.0,979.0,8.0,115069494.0,0.0,0.0,0.0,1.0,,,,2026Q2,2025Q4
3130179,"이화여대 3,5,7길 상점가",전통시장,1152103,1835.0,1670.0,173.0,8.0,130945455.0,0.0,0.0,0.0,1.0,0.0,0.0,124282370.0,2026Q2,2025Q4
3130178,이대 앞 스타트업 상점가,전통시장,55436,36.0,26.0,19.0,,,0.0,0.0,0.0,0.0,,,,2026Q2,2025Q4
3130177,인왕시장(홍제골목형상점가),전통시장,38574,237.0,152.0,131.0,1.0,223083333.0,,,,,,,,2026Q2,2025Q4
3130176,유진상가,전통시장,22332,259.0,101.0,892.0,,,,,,,,,,2026Q2,2025Q4
3130175,신촌 상인회(신촌상점가),전통시장,57838,8.0,5.0,55.0,,,0.0,0.0,0.0,0.0,,,,2026Q2,2025Q4
3130174,연희사러가,전통시장,42789,,,47.0,,,,,,,,,,2026Q2,2025Q4
3130173,백련시장,전통시장,63369,135.0,72.0,14.0,1.0,190250000.0,,,,,,,,2026Q2,2025Q4
3130172,모래내시장(서중시장),전통시장,199907,36.0,30.0,802.0,,,,,,,,,,2026Q2,2025Q4
3130171,불광먹자골목 골목형상점가,전통시장,219085,1214.0,861.0,469.0,17.0,135951569.0,1.0,0.0,0.0,2.0,0.0,0.0,236633659.0,2026Q2,2025Q4
3130170,제일시장,전통시장,84099,76.0,39.0,298.0,,,1.0,0.0,0.0,0.0,,,,2026Q2,2025Q4
3130169,대조시장,전통시장,561537,1818.0,1157.0,191.0,38.0,136444472.0,0.0,1.0,0.0,1.0,,,,2026Q2,2025Q4
3130168,연서시장,전통시장,186551,283.0,153.0,691.0,1.0,165888889.0,0.0,0.0,0.0,0.0,,,,2026Q2,2025Q4
3130167,연신내상점가(연빛거리),전통시장,1070258,1440.0,906.0,1492.0,15.0,124544280.0,1.0,0.0,0.0,2.0,0.0,0.0,993467892.0,2026Q2,2025Q4
3130166,응암시장(신응암시장),전통시장,33462,177.0,80.0,76.0,1.0,201000000.0,,,,,,,,2026Q2,2025Q4
3130165,"대림골목시장(대림시장, 양지시장)",전통시장,91992,453.0,249.0,199.0,8.0,130416979.0,,,,,,,,2026Q2,2025Q4
3130164,역촌중앙시장,전통시장,58151,1.0,1.0,34.0,1.0,160000000.0,,,,,,,,2026Q2,2025Q4
3130163,응암오거리상점가,전통시장,490991,1554.0,902.0,266.0,31.0,161410064.0,0.0,0.0,0.0,1.0,0.0,0.0,1563755282.0,2026Q2,2025Q4
3130162,증산골목시장,전통시장,53022,115.0,91.0,77.0,1.0,310444444.0,,,,,,,,2026Q2,2025Q4
3130161,증산종합시장,전통시장,16395,115.0,58.0,65.0,3.0,196250000.0,1.0,0.0,0.0,0.0,,,,2026Q2,2025Q4
3130160,수일시장,전통시장,25980,81.0,59.0,125.0,,,0.0,0.0,0.0,0.0,,,,2026Q2,2025Q4
3130159,공릉동 도깨비시장,전통시장,610120,1744.0,949.0,818.0,22.0,177160621.0,0.0,0.0,0.0,0.0,,,,2026Q2,2025Q4
3130158,상계역전종합상가,전통시장,162498,903.0,467.0,386.0,2.0,244000000.0,,,,,,,,2026Q2,2025Q4
3130157,상계중앙시장,전통시장,895130,1600.0,925.0,224.0,23.0,144458776.0,1.0,1.0,0.0,0.0,,,,2026Q2,2025Q4
3130156,시영2단지 무지개종합상가(중계 무지개2단지아파트상가),전통시장,53844,389.0,212.0,47.0,1.0,268181818.0,,,,,,,,2026Q2,2025Q4
3130155,시영B상가(중계 그린아파트 B 상가),전통시장,48362,,,48.0,,,0.0,0.0,0.0,0.0,,,,2026Q2,2025Q4
3130154,상계주공1단지(가)상가,전통시장,12419,50.0,22.0,45.0,1.0,410833333.0,,,,,,,,2026Q2,2025Q4
3130153,창동역상점가,전통시장,255728,153.0,141.0,694.0,,,0.0,1.0,0.0,2.0,0.0,0.0,1868608765.0,2026Q2,2025Q4
3130152,오!도봉거리 상점가,전통시장,113452,664.0,400.0,64.0,7.0,127350487.0,0.0,0.0,0.0,0.0,,,,2026Q2,2025Q4
3130151,신도봉시장,전통시장,36606,148.0,74.0,28.0,1.0,79885714.0,,,,,,,,2026Q2,2025Q4
3130150,창동골목시장,전통시장,207858,1099.0,611.0,101.0,8.0,119509524.0,0.0,0.0,0.0,1.0,,,,2026Q2,2025Q4
3130149,창동신창시장,전통시장,636862,2193.0,973.0,355.0,46.0,142981048.0,0.0,0.0,0.0,0.0,,,,2026Q2,2025Q4
3130148,방학동도깨비시장,전통시장,257977,986.0,506.0,107.0,10.0,103989514.0,0.0,0.0,0.0,0.0,,,,2026Q2,2025Q4
3130147,쌍문역동측상점가,전통시장,470039,780.0,477.0,403.0,5.0,111708762.0,0.0,0.0,0.0,1.0,,,,2026Q2,2025Q4
3130146,쌍문시장(쌍문역골목시장),전통시장,1722258,3346.0,2001.0,529.0,49.0,128194062.0,2.0,1.0,0.0,0.0,0.0,0.0,122084374.0,2026Q2,2025Q4
3130145,쌍문역둘리상점가,전통시장,161063,1168.0,744.0,172.0,7.0,194798244.0,0.0,0.0,2.0,1.0,0.0,0.0,452119935.0,2026Q2,2025Q4
3130144,백운시장,전통시장,73654,381.0,186.0,36.0,9.0,141045735.0,0.0,0.0,0.0,0.0,,,,2026Q2,2025Q4
3130143,방천골목시장,전통시장,249262,568.0,398.0,41.0,1.0,229909091.0,0.0,0.0,0.0,0.0,,,,2026Q2,2025Q4
3130142,강북북부시장,전통시장,19038,,,15.0,,,,,,,,,,2026Q2,2025Q4
3130141,강북북부골목시장,전통시장,236349,976.0,501.0,43.0,6.0,158364562.0,,,,,,,,2026Q2,2025Q4
3130140,숭인시장,전통시장,49284,231.0,157.0,62.0,1.0,170166667.0,0.0,0.0,0.0,0.0,,,,2026Q2,2025Q4
3130139,강북종합전통시장(강북종합골목시장),전통시장,624466,2397.0,1500.0,278.0,21.0,129155529.0,0.0,1.0,0.0,0.0,0.0,0.0,267366092.0,2026Q2,2025Q4
3130138,수유프라자,전통시장,25068,188.0,85.0,20.0,1.0,277666667.0,,,,,,,,2026Q2,2025Q4
3130137,"수유전통시장(수유시장, 수유골목시장)",전통시장,280992,539.0,314.0,156.0,5.0,132449000.0,0.0,0.0,0.0,2.0,,,,2026Q2,2025Q4
3130136,수유재래시장,전통시장,127490,617.0,259.0,56.0,11.0,153868880.0,,,,,,,,2026Q2,2025Q4
3130135,수유중앙골목시장(수유중앙시장),전통시장,192980,920.0,477.0,104.0,18.0,132626424.0,,,,,,,,2026Q2,2025Q4
3130134,"솔샘시장(미아6,7동골목시장)",전통시장,87214,124.0,70.0,194.0,,,,,,,,,,2026Q2,2025Q4
3130133,우이골목시장(우이시장),전통시장,328363,1555.0,762.0,232.0,40.0,123422969.0,2.0,1.0,0.0,1.0,0.0,0.0,427350058.0,2026Q2,2025Q4
3130132,삼양골목시장(삼양시장),전통시장,245747,780.0,527.0,65.0,6.0,190850000.0,1.0,1.0,0.0,0.0,,,,2026Q2,2025Q4
3130131,동북프라자,전통시장,53043,19.0,12.0,20.0,,,,,,,,,,2026Q2,2025Q4
3130130,수유북부골목시장,전통시장,1643,52.0,29.0,16.0,1.0,135083333.0,,,,,,,,2026Q2,2025Q4
3130129,장미원골목시장,전통시장,267146,1492.0,709.0,210.0,43.0,146017931.0,0.0,1.0,0.0,1.0,,,,2026Q2,2025Q4
3130128,돌곶이시장(석관황금시장),전통시장,345786,1638.0,908.0,79.0,5.0,157198182.0,0.0,2.0,0.0,0.0,,,,2026Q2,2025Q4
3130127,석관시장,전통시장,62651,131.0,77.0,23.0,,,,,,,,,,2026Q2,2025Q4
3130126,새석관시장,전통시장,41467,7.0,4.0,41.0,,,0.0,0.0,0.0,0.0,,,,2026Q2,2025Q4
3130125,장위전통시장,전통시장,379782,734.0,374.0,106.0,3.0,191750000.0,,,,,,,,2026Q2,2025Q4
3130124,번동시장,전통시장,27865,19.0,7.0,31.0,,,,,,,,,,2026Q2,2025Q4
3130123,꿈의숲 장곡 골목형상점가,전통시장,126605,298.0,127.0,44.0,5.0,164975714.0,,,,,,,,2026Q2,2025Q4
3130122,밤나무골시장,전통시장,43986,219.0,115.0,31.0,2.0,82209167.0,,,,,,,,2026Q2,2025Q4
3130121,길음시장,전통시장,41814,30.0,28.0,430.0,,,,,,,,,,2026Q2,2025Q4
3130120,돈암시장(돈암제일시장),전통시장,658242,215.0,125.0,319.0,,,0.0,0.0,0.0,0.0,,,,2026Q2,2025Q4
3130119,정릉아리랑시장,전통시장,230742,413.0,191.0,159.0,6.0,144772165.0,0.0,0.0,0.0,1.0,,,,2026Q2,2025Q4
3130118,정릉골 골목형상점가,전통시장,153959,569.0,282.0,179.0,16.0,153628621.0,0.0,0.0,0.0,1.0,,,,2026Q2,2025Q4
3130117,정릉시장,전통시장,517663,936.0,522.0,336.0,19.0,148085944.0,0.0,0.0,1.0,1.0,0.0,0.0,673822755.0,2026Q2,2025Q4
3130116,동성타워프라자,전통시장,20340,245.0,98.0,39.0,1.0,275666667.0,,,,,,,,2026Q2,2025Q4
3130115,우림골목시장,전통시장,1043719,2108.0,1245.0,334.0,23.0,140834189.0,1.0,2.0,0.0,0.0,,,,2026Q2,2025Q4
3130114,유영시장,전통시장,27952,99.0,44.0,15.0,2.0,191100000.0,,,,,,,,2026Q2,2025Q4
3130113,신아타운,전통시장,42661,72.0,48.0,1164.0,,,0.0,0.0,0.0,0.0,,,,2026Q2,2025Q4
3130112,사가정시장,전통시장,861831,1945.0,1115.0,351.0,13.0,177495563.0,,,,,,,,2026Q2,2025Q4
3130111,"동원전통종합시장(동원시장, 동원전통시장 상점가)",전통시장,917499,2004.0,1129.0,199.0,23.0,165303896.0,0.0,0.0,0.0,0.0,,,,2026Q2,2025Q4
3130110,면목골목시장(면목시장),전통시장,328660,1601.0,926.0,186.0,20.0,158013402.0,1.0,0.0,0.0,0.0,,,,2026Q2,2025Q4
3130109,묵1동도깨비시장,전통시장,97057,795.0,387.0,143.0,16.0,148935151.0,1.0,0.0,0.0,0.0,,,,2026Q2,2025Q4
3130108,태능엔터피아(태릉시장),전통시장,14211,300.0,116.0,25.0,1.0,352000000.0,,,,,,,,2026Q2,2025Q4
3130107,중랑동부시장(중랑교종합상가),전통시장,33260,171.0,128.0,61.0,4.0,142707143.0,,,,,,,,2026Q2,2025Q4
3130106,중랑동부시장,전통시장,764248,1335.0,891.0,341.0,16.0,154488244.0,0.0,0.0,0.0,1.0,,,,2026Q2,2025Q4
3130105,장미제일시장(중화동제일시장),전통시장,318829,1074.0,596.0,29.0,9.0,180978788.0,,,,,,,,2026Q2,2025Q4
3130104,전곡시장,전통시장,69364,501.0,273.0,217.0,4.0,220650000.0,,,,,,,,2026Q2,2025Q4
3130103,이경시장,전통시장,92740,242.0,141.0,37.0,2.0,354363636.0,,,,,,,,2026Q2,2025Q4
3130102,이문제일시장,전통시장,42940,64.0,34.0,119.0,1.0,251500000.0,,,,,,,,2026Q2,2025Q4
3130101,답십리현대시장,전통시장,460339,221.0,130.0,303.0,1.0,170625000.0,0.0,1.0,0.0,0.0,,,,2026Q2,2025Q4
3130100,답십리시장,전통시장,280326,387.0,207.0,519.0,1.0,178166667.0,,,,,,,,2026Q2,2025Q4
3130099,전농로터리시장,전통시장,267906,72.0,44.0,20.0,,,,,,,,,,2026Q2,2025Q4
3130098,회기시장,전통시장,498978,1279.0,1035.0,48.0,4.0,166203333.0,0.0,0.0,0.0,1.0,,,,2026Q2,2025Q4
3130097,답십리 건축자재시장,전통시장,651863,1393.0,764.0,276.0,4.0,113413333.0,0.0,1.0,0.0,1.0,,,,2026Q2,2025Q4
3130096,동부시장,전통시장,53508,,,58.0,,,,,,,,,,2026Q2,2025Q4
3130095,청량리전통시장,전통시장,510940,415.0,354.0,274.0,,,0.0,0.0,0.0,2.0,0.0,0.0,1044116377.0,2026Q2,2025Q4
3130094,청량리청과물시장,전통시장,194891,56.0,46.0,234.0,,,,,,,,,,2026Q2,2025Q4
3130093,동서시장,전통시장,71259,2.0,2.0,25.0,,,,,,,,,,2026Q2,2025Q4
3130092,청량리농수산물시장,전통시장,422006,382.0,228.0,178.0,3.0,211573333.0,,,,,,,,2026Q2,2025Q4
3130091,청량종합도매시장,전통시장,538633,602.0,390.0,155.0,11.0,159250649.0,0.0,2.0,0.0,0.0,,,,2026Q2,2025Q4
3130090,청량리종합시장,전통시장,376962,107.0,58.0,139.0,,,,,,,,,,2026Q2,2025Q4
3130089,청량리수산시장,전통시장,94914,300.0,185.0,202.0,1.0,313750000.0,,,,,,,,2026Q2,2025Q4
3130088,경동시장,전통시장,61279,6.0,4.0,297.0,,,,,,,,,,2026Q2,2025Q4
3130087,경동광성상가(경동시장),전통시장,123042,60.0,39.0,111.0,,,1.0,0.0,0.0,0.0,,,,2026Q2,2025Q4
3130086,서울약령시장,전통시장,1287272,1732.0,1147.0,1535.0,5.0,170005455.0,3.0,3.0,0.0,0.0,0.0,2959661.0,223631552.0,2026Q2,2025Q4
3130085,용두시장,전통시장,53391,15.0,13.0,86.0,,,,,,,,,,2026Q2,2025Q4
3130084,신성시장(신성골목시장),전통시장,195093,204.0,102.0,315.0,2.0,173388889.0,,,,,,,,2026Q2,2025Q4
3130083,"중곡제일시장(중곡제일골목시장, 광성시장)",전통시장,382880,822.0,417.0,736.0,6.0,214833375.0,0.0,2.0,0.0,0.0,,,,2026Q2,2025Q4
3130082,면곡골목시장,전통시장,54589,215.0,118.0,22.0,2.0,137154167.0,0.0,1.0,0.0,0.0,,,,2026Q2,2025Q4
3130081,자양골목전통시장(자양골목시장),전통시장,623715,1851.0,993.0,565.0,37.0,198677733.0,0.0,0.0,0.0,0.0,,,,2026Q2,2025Q4
3130080,자양종합시장(기능상실),전통시장,43440,52.0,21.0,91.0,1.0,277300000.0,,,,,,,,2026Q2,2025Q4
3130079,한아름시장,전통시장,107654,309.0,236.0,26.0,6.0,126355126.0,,,,,,,,2026Q2,2025Q4
3130078,화양제일골목시장,전통시장,204715,914.0,717.0,30.0,5.0,117611667.0,0.0,0.0,0.0,0.0,,,,2026Q2,2025Q4
3130077,조양시장,전통시장,63970,81.0,66.0,15.0,3.0,105476667.0,,,,,,,,2026Q2,2025Q4
3130076,능동로골목시장,전통시장,212164,701.0,424.0,30.0,,,,,,,,,,2026Q2,2025Q4
3130075,노룬산시장(노룬산골목시장),전통시장,132105,94.0,68.0,11.0,,,,,,,,,,2026Q2,2025Q4
3130074,영동교골목시장,전통시장,380566,423.0,276.0,5.0,3.0,241261905.0,,,,,,,,2026Q2,2025Q4
3130073,뚝도시장,전통시장,389646,439.0,266.0,477.0,1.0,587700000.0,1.0,1.0,0.0,0.0,,,,2026Q2,2025Q4
3130072,성동용답상가시장,전통시장,894877,3965.0,2135.0,453.0,16.0,200719671.0,0.0,1.0,0.0,0.0,0.0,0.0,356582112.0,2026Q2,2025Q4
3130071,성수역 골목형상점가,전통시장,53492,3.0,3.0,885.0,,,0.0,0.0,0.0,0.0,,,,2026Q2,2025Q4
3130070,뚝섬역상점가,전통시장,412678,1337.0,910.0,1725.0,7.0,215988095.0,2.0,2.0,0.0,3.0,0.0,0.0,559441948.0,2026Q2,2025Q4
3130069,"한양대앞상점가(한양시장, 왕십리맛골목)",전통시장,644239,560.0,476.0,176.0,,,0.0,0.0,0.0,2.0,0.0,0.0,273590754.0,2026Q2,2025Q4
3130068,마장축산물시장,전통시장,894817,1575.0,853.0,3134.0,9.0,219964103.0,0.0,3.0,1.0,1.0,0.0,4659465.0,537389882.0,2026Q2,2025Q4
3130067,왕십리도선동상점가,전통시장,1139456,3605.0,2244.0,1834.0,7.0,322768571.0,2.0,2.0,0.0,4.0,0.0,0.0,827770515.0,2026Q2,2025Q4
3130066,행당시장상점가,전통시장,902024,1923.0,1319.0,625.0,7.0,202546104.0,0.0,0.0,0.0,1.0,0.0,0.0,333665504.0,2026Q2,2025Q4
3130065,무학봉상점가,전통시장,1091443,2230.0,1321.0,689.0,6.0,196318056.0,1.0,0.0,0.0,0.0,,,,2026Q2,2025Q4
3130064,금남시장,전통시장,264636,168.0,105.0,39.0,1.0,314750000.0,,,,,,,,2026Q2,2025Q4
3130063,신금호역 골목형상점가,전통시장,104694,414.0,249.0,48.0,,,0.0,0.0,0.0,2.0,0.0,0.0,303359324.0,2026Q2,2025Q4
3130062,보광시장,전통시장,4982,70.0,39.0,34.0,4.0,728880952.0,,,,,,,,2026Q2,2025Q4
3130061,이태원시장,전통시장,83284,55.0,32.0,754.0,,,0.0,0.0,0.0,0.0,,,,2026Q2,2025Q4
3130060,신흥시장,전통시장,398593,63.0,39.0,153.0,,,,,,,,,,2026Q2,2025Q4
3130059,후암시장,전통시장,154593,618.0,355.0,200.0,9.0,369270707.0,0.0,0.0,0.0,1.0,,,,2026Q2,2025Q4
3130058,이촌종합시장,전통시장,100793,91.0,45.0,2891.0,1.0,225750000.0,0.0,0.0,0.0,1.0,,,,2026Q2,2025Q4
3130057,만리시장,전통시장,29016,26.0,17.0,97.0,,,,,,,,,,2026Q2,2025Q4
3130056,용산용문시장,전통시장,426922,627.0,384.0,909.0,5.0,200813333.0,2.0,1.0,0.0,1.0,,,,2026Q2,2025Q4
3130055,"황학시장(서울중앙시장, 신중앙시장)",전통시장,860826,1517.0,1062.0,153.0,3.0,189133333.0,0.0,0.0,0.0,0.0,,,,2026Q2,2025Q4
3130054,황학동주방가구거리상점가,전통시장,1121484,1269.0,882.0,220.0,2.0,183212500.0,0.0,0.0,0.0,1.0,,,,2026Q2,2025Q4
3130053,백학시장,전통시장,654165,964.0,527.0,206.0,6.0,203008333.0,0.0,0.0,0.0,0.0,,,,2026Q2,2025Q4
3130052,서울중앙시장(신중앙시장),전통시장,1549240,1165.0,725.0,407.0,,,,,,,,,,2026Q2,2025Q4
3130051,동화동 골목형상점가,전통시장,1487230,1404.0,679.0,691.0,8.0,286545597.0,1.0,0.0,0.0,2.0,0.0,0.0,222000000.0,2026Q2,2025Q4
3130050,청평화시장,전통시장,59565,1.0,1.0,274.0,,,,,,,,,,2026Q2,2025Q4
3130049,신당 미래유산 먹거리 골목형상점가,전통시장,150559,157.0,127.0,14.0,,,,,,,,,,2026Q2,2025Q4
3130048,동평화시장,전통시장,65249,46.0,31.0,126.0,,,,,,,,,,2026Q2,2025Q4
3130047,테크노상가(엘리시움),전통시장,133420,5.0,4.0,328.0,,,,,,,,,,2026Q2,2025Q4
3130046,team204(팀204),전통시장,66710,1.0,1.0,116.0,,,0.0,0.0,0.0,0.0,,,,2026Q2,2025Q4
3130042,약수시장,전통시장,349527,700.0,465.0,3917.0,7.0,217221140.0,0.0,1.0,0.0,1.0,,,,2026Q2,2025Q4
3130038,"평화시장(통일상가, 동화상가)",전통시장,95874,10.0,7.0,13080.0,,,1.0,0.0,0.0,4.0,,,,2026Q2,2025Q4
3130036,중부시장(신중부시장),전통시장,1072933,646.0,565.0,3023.0,1.0,159090909.0,0.0,0.0,0.0,1.0,0.0,0.0,579087013.0,2026Q2,2025Q4
3130035,방산종합시장(방산시장),전통시장,958443,342.0,295.0,2783.0,,,0.0,0.0,0.0,1.0,0.0,0.0,116282590.0,2026Q2,2025Q4
3130034,필동 골목형상점가,전통시장,67101,9.0,6.0,92.0,,,,,,,,,,2026Q2,2025Q4
3130033,대림상가(청계상가),전통시장,61518,98.0,67.0,90.0,,,0.0,0.0,0.0,0.0,,,,2026Q2,2025Q4
3130032,인현시장,전통시장,218392,122.0,71.0,1762.0,,,,,,,,,,2026Q2,2025Q4
3130031,청계천공구상가,전통시장,321043,51.0,46.0,710.0,,,0.0,0.0,0.0,1.0,,,,2026Q2,2025Q4
3130025,삼익패션타운(남대문시장),전통시장,81280,3.0,3.0,5304.0,,,0.0,0.0,0.0,0.0,,,,2026Q2,2025Q4
3130024,남대문시장(자유상가),전통시장,2217085,41.0,34.0,26964.0,,,0.0,0.0,0.0,1.0,0.0,0.0,441000000.0,2026Q2,2025Q4
3130022,숭례문수입상가(남대문시장),전통시장,75547,,,1992.0,,,0.0,0.0,0.0,2.0,,,,2026Q2,2025Q4
3130021,신설종합시장,전통시장,46961,2.0,2.0,50.0,,,,,,,,,,2026Q2,2025Q4
3130020,동묘시장(동묘벼룩시장),전통시장,437970,536.0,467.0,157.0,2.0,82816667.0,0.0,0.0,0.0,0.0,,,,2026Q2,2025Q4
3130019,동대문상가D동,전통시장,27015,59.0,35.0,7.0,,,0.0,0.0,0.0,1.0,,,,2026Q2,2025Q4
3130018,동대문문구완구거리(동대문문구완구시장),전통시장,537560,106.0,65.0,318.0,,,0.0,0.0,0.0,0.0,,,,2026Q2,2025Q4
3130017,동대문상가C동,전통시장,34015,98.0,70.0,6.0,,,,,,,,,,2026Q2,2025Q4
3130016,동대문상가B동,전통시장,34562,48.0,27.0,,,,,,,,,,,2026Q2,2025Q4
3130015,창신골목시장,전통시장,569368,479.0,298.0,18.0,,,0.0,0.0,0.0,0.0,,,,2026Q2,2025Q4
3130014,동문시장,전통시장,36796,113.0,87.0,134.0,,,,,,,,,,2026Q2,2025Q4
3130013,동대문상가A동,전통시장,34562,34.0,27.0,,,,0.0,0.0,0.0,0.0,,,,2026Q2,2025Q4
3130012,"동대문종합시장(동대문종합시장 신관, 동대문종합시장D동상가)",전통시장,47018,1.0,1.0,3532.0,,,0.0,0.0,0.0,0.0,,,,2026Q2,2025Q4
3130011,충신시장,전통시장,194170,152.0,82.0,401.0,,,,,,,,,,2026Q2,2025Q4
3130010,종로신진시장,전통시장,865986,63.0,54.0,2692.0,,,0.0,0.0,0.0,0.0,,,,2026Q2,2025Q4
3130009,마전교지하쇼핑센터(구 한일상가),전통시장,51232,1.0,1.0,356.0,,,,,,,,,,2026Q2,2025Q4
3130007,광장시장(광장전통시장),전통시장,545533,126.0,113.0,6074.0,,,0.0,0.0,0.0,0.0,,,,2026Q2,2025Q4
3130005,세운상가가동,전통시장,141522,20.0,15.0,1034.0,,,,,,,,,,2026Q2,2025Q4
3130004,낙원시장(낙원지하시장(대일상가)),전통시장,88590,303.0,141.0,409.0,,,,,,,,,,2026Q2,2025Q4
3130002,세종마을음식문화거리(금천교시장),전통시장,621100,507.0,295.0,746.0,8.0,298858631.0,0.0,0.0,0.0,1.0,0.0,0.0,1521786450.0,2026Q2,2025Q4
3130001,통인시장,전통시장,419687,621.0,316.0,799.0,6.0,299287626.0,,,,,,,,2026Q2,2025Q4
3120249,고덕역,발달상권,461574,1750.0,1126.0,2311.0,2.0,497772727.0,0.0,0.0,0.0,3.0,0.0,0.0,1295830093.0,2026Q2,2025Q4
3120248,명일역,발달상권,1365052,2149.0,1139.0,2489.0,23.0,188958730.0,1.0,2.0,1.0,2.0,0.0,0.0,1305075534.0,2026Q2,2025Q4
3120247,굽은다리역,발달상권,602483,1800.0,927.0,1214.0,37.0,223649428.0,1.0,3.0,0.0,2.0,0.0,56586310.0,225204212.0,2026Q2,2025Q4
3120246,길동역,발달상권,4409856,6440.0,4485.0,4487.0,55.0,224094419.0,1.0,2.0,0.0,5.0,0.0,0.0,3085379918.0,2026Q2,2025Q4
3120245,둔촌역,발달상권,1431935,2398.0,1149.0,2095.0,44.0,209920240.0,0.0,1.0,2.0,4.0,0.0,0.0,1836444046.0,2026Q2,2025Q4
3120244,암사역,발달상권,682571,2086.0,1407.0,1399.0,37.0,157439620.0,0.0,1.0,0.0,2.0,0.0,0.0,619735177.0,2026Q2,2025Q4
3120243,천호역,발달상권,1908819,3806.0,2603.0,1986.0,15.0,300987175.0,0.0,1.0,1.0,3.0,0.0,0.0,5750550606.0,2026Q2,2025Q4
3120242,강동구청역,발달상권,1555821,3373.0,1635.0,8831.0,74.0,207421120.0,3.0,6.0,4.0,3.0,60028198.0,563381174.0,641073097.0,2026Q2,2025Q4
3120241,거여역,발달상권,648860,1863.0,973.0,2362.0,35.0,283213907.0,0.0,5.0,1.0,1.0,0.0,301367565.0,492876129.0,2026Q2,2025Q4
3120240,개롱역,발달상권,1280621,3496.0,1555.0,2563.0,78.0,230429427.0,1.0,6.0,0.0,2.0,0.0,1040895994.0,511576120.0,2026Q2,2025Q4
3120239,오금역,발달상권,1012606,3674.0,1844.0,8853.0,66.0,253487968.0,5.0,6.0,0.0,3.0,70954094.0,1049678886.0,289694923.0,2026Q2,2025Q4
3120238,방이역,발달상권,374617,485.0,249.0,1298.0,6.0,304392677.0,0.0,1.0,0.0,2.0,,,,2026Q2,2025Q4
3120237,경찰병원역,발달상권,2841814,3475.0,2162.0,11113.0,63.0,207949438.0,1.0,10.0,3.0,4.0,0.0,720916045.0,1418820935.0,2026Q2,2025Q4
3120236,장지역(가든파이브),발달상권,200455,157.0,83.0,12402.0,2.0,358138889.0,1.0,8.0,0.0,2.0,0.0,118837187.0,2141310056.0,2026Q2,2025Q4
3120235,문정역,발달상권,484928,4053.0,3398.0,66136.0,13.0,291340705.0,4.0,4.0,2.0,15.0,0.0,0.0,6303523005.0,2026Q2,2025Q4
3120234,가락시장역,발달상권,2053499,2495.0,1393.0,11587.0,18.0,258792617.0,0.0,3.0,1.0,4.0,0.0,333700978.0,3733122713.0,2026Q2,2025Q4
3120233,몽촌토성역,발달상권,1337533,4991.0,4294.0,15928.0,16.0,277100410.0,0.0,4.0,0.0,3.0,0.0,0.0,3093254948.0,2026Q2,2025Q4
3120232,송파나루역,발달상권,392031,787.0,449.0,1569.0,30.0,210804943.0,2.0,2.0,0.0,2.0,17079717.0,81682145.0,89230028.0,2026Q2,2025Q4
3120231,가락시장,발달상권,30101,,,5755.0,,,1.0,4.0,1.0,0.0,0.0,16107587.0,0.0,2026Q2,2025Q4
3120230,송파사거리(송파역),발달상권,675581,1516.0,835.0,2117.0,19.0,215080897.0,0.0,0.0,3.0,1.0,,,,2026Q2,2025Q4
3120229,방이동먹자골목,발달상권,2189161,2811.0,1976.0,16204.0,57.0,215254580.0,2.0,2.0,0.0,6.0,0.0,0.0,3197660932.0,2026Q2,2025Q4
3120228,석촌역(석촌호수),발달상권,1934481,4112.0,2418.0,6934.0,138.0,248614988.0,2.0,5.0,3.0,2.0,0.0,0.0,1355309473.0,2026Q2,2025Q4
3120227,잠실역,발달상권,1105877,5407.0,2063.0,110575.0,5.0,1156307239.0,2.0,2.0,3.0,13.0,0.0,0.0,6977811878.0,2026Q2,2025Q4
3120226,석촌고분역,발달상권,721200,1777.0,1064.0,3609.0,57.0,220218057.0,1.0,6.0,4.0,1.0,0.0,270472477.0,1180455016.0,2026Q2,2025Q4
3120225,잠실새내역(신천),발달상권,2602935,4173.0,2845.0,12478.0,67.0,245808338.0,0.0,1.0,1.0,7.0,0.0,0.0,4721841269.0,2026Q2,2025Q4
3120224,수서역,발달상권,229720,517.0,356.0,19403.0,,,1.0,2.0,0.0,2.0,0.0,0.0,8719593078.0,2026Q2,2025Q4
3120223,휘문고교사거리,발달상권,293029,256.0,93.0,13930.0,9.0,841445455.0,0.0,3.0,0.0,3.0,0.0,651925428.0,206323282.0,2026Q2,2025Q4
3120222,삼성역,발달상권,1003515,640.0,461.0,109259.0,8.0,586800275.0,1.0,0.0,3.0,6.0,0.0,0.0,6284328789.0,2026Q2,2025Q4
3120221,봉은사역,발달상권,519510,610.0,405.0,24393.0,6.0,633888889.0,2.0,3.0,0.0,2.0,0.0,410873174.0,796722540.0,2026Q2,2025Q4
3120220,대치역,발달상권,526698,1217.0,374.0,12518.0,5.0,1599266667.0,0.0,2.0,0.0,1.0,0.0,0.0,1679757430.0,2026Q2,2025Q4
3120219,은마아파트,발달상권,1124253,1131.0,452.0,10976.0,14.0,569884524.0,0.0,3.0,0.0,4.0,0.0,13019417.0,5615056149.0,2026Q2,2025Q4
3120218,코엑스,발달상권,49438,33.0,24.0,52540.0,,,0.0,0.0,0.0,3.0,0.0,0.0,975234246.0,2026Q2,2025Q4
3120217,대치사거리,발달상권,1357327,3355.0,1817.0,6420.0,92.0,327729578.0,3.0,12.0,1.0,0.0,25963114.0,887478601.0,968993121.0,2026Q2,2025Q4
3120216,경기고교사거리(경기고교앞사거리),발달상권,164572,208.0,151.0,6909.0,1.0,944000000.0,1.0,3.0,1.0,2.0,0.0,0.0,323200660.0,2026Q2,2025Q4
3120215,포스코사거리,발달상권,3459073,3569.0,2255.0,94741.0,30.0,562225909.0,2.0,4.0,1.0,12.0,0.0,133150133.0,4216203032.0,2026Q2,2025Q4
3120214,영동대교남단교차로,발달상권,352927,606.0,275.0,7844.0,6.0,2570164683.0,0.0,1.0,1.0,1.0,0.0,0.0,740360402.0,2026Q2,2025Q4
3120213,삼성중앙역,발달상권,2111179,3839.0,2183.0,19227.0,78.0,354137062.0,2.0,5.0,0.0,2.0,0.0,0.0,1401633982.0,2026Q2,2025Q4
3120212,한티역,발달상권,982485,1295.0,632.0,9550.0,18.0,401069422.0,0.0,1.0,0.0,5.0,0.0,0.0,4073368968.0,2026Q2,2025Q4
3120211,도성초등학교,발달상권,820788,1605.0,754.0,4206.0,21.0,433568620.0,0.0,3.0,0.0,2.0,0.0,0.0,285720004.0,2026Q2,2025Q4
3120210,선릉역,발달상권,5195367,4718.0,3484.0,59959.0,87.0,235859989.0,1.0,4.0,0.0,19.0,0.0,0.0,9918253475.0,2026Q2,2025Q4
3120209,"강남구청(청담역_8번, 강남세무서)",발달상권,829015,1231.0,614.0,8856.0,19.0,1125760570.0,0.0,3.0,0.0,1.0,0.0,1611187681.0,2350932017.0,2026Q2,2025Q4
3120208,청담사거리(청담동명품거리),발달상권,1398700,2738.0,1516.0,18696.0,43.0,957249447.0,3.0,2.0,0.0,1.0,0.0,0.0,2403952506.0,2026Q2,2025Q4
3120207,선정릉역,발달상권,2007773,6242.0,3693.0,21784.0,166.0,363772566.0,0.0,10.0,4.0,4.0,0.0,1398052480.0,2851625896.0,2026Q2,2025Q4
3120206,개나리아파트,발달상권,1317716,3436.0,1792.0,6788.0,46.0,358698575.0,1.0,3.0,3.0,3.0,0.0,59715174.0,1402600108.0,2026Q2,2025Q4
3120205,매봉역,발달상권,416480,1015.0,534.0,67744.0,21.0,378674523.0,1.0,7.0,6.0,3.0,0.0,1242309277.0,395602239.0,2026Q2,2025Q4
3120204,르네상스호텔사거리,발달상권,1861164,1764.0,1324.0,29100.0,17.0,335509083.0,1.0,2.0,2.0,5.0,0.0,0.0,770036718.0,2026Q2,2025Q4
3120203,강남구청역,발달상권,1657901,1303.0,796.0,15763.0,21.0,429109986.0,1.0,0.0,0.0,4.0,0.0,0.0,2649226592.0,2026Q2,2025Q4
3120202,압구정로데오역(압구정로데오),발달상권,1933144,1654.0,724.0,15957.0,15.0,2246509886.0,0.0,1.0,0.0,4.0,0.0,0.0,2089130307.0,2026Q2,2025Q4
3120201,도곡1동,발달상권,852166,1791.0,1089.0,14638.0,44.0,287690871.0,9.0,7.0,6.0,2.0,60818210.0,492620445.0,622130360.0,2026Q2,2025Q4
3120200,학동사거리,발달상권,1247808,877.0,478.0,19111.0,12.0,624281410.0,1.0,2.0,0.0,6.0,0.0,0.0,1968891692.0,2026Q2,2025Q4
3120199,경복아파트교차로,발달상권,532236,1068.0,709.0,6656.0,15.0,271653016.0,2.0,3.0,0.0,2.0,0.0,113432050.0,2935892594.0,2026Q2,2025Q4
3120198,구역삼세무서,발달상권,2318528,6693.0,4653.0,17986.0,124.0,282665163.0,4.0,7.0,2.0,2.0,0.0,92846137.0,875114378.0,2026Q2,2025Q4
3120197,역삼역,발달상권,4661032,5764.0,4404.0,84399.0,82.0,326468462.0,2.0,4.0,1.0,12.0,0.0,358159694.0,9443923396.0,2026Q2,2025Q4
3120196,서울세관,발달상권,883337,1219.0,806.0,8018.0,23.0,711737148.0,2.0,1.0,0.0,2.0,0.0,0.0,845541591.0,2026Q2,2025Q4
3120195,성수대교남단,발달상권,765565,393.0,210.0,10838.0,7.0,412647619.0,1.0,1.0,4.0,1.0,0.0,0.0,313245167.0,2026Q2,2025Q4
3120194,언주역(차병원),발달상권,1882515,2593.0,1853.0,14060.0,60.0,403306693.0,1.0,4.0,1.0,5.0,0.0,0.0,2719210780.0,2026Q2,2025Q4
3120193,도산공원교차로,발달상권,855216,1040.0,540.0,11206.0,29.0,502907222.0,5.0,4.0,0.0,1.0,336292472.0,18551247.0,515333386.0,2026Q2,2025Q4
3120192,뱅뱅사거리,발달상권,2385150,7299.0,5456.0,48560.0,40.0,342218337.0,3.0,3.0,0.0,5.0,0.0,954598648.0,5892140003.0,2026Q2,2025Q4
3120191,학동역,발달상권,2352076,4098.0,2851.0,19064.0,79.0,363377744.0,2.0,8.0,2.0,5.0,0.0,475537630.0,2507377501.0,2026Q2,2025Q4
3120190,강남을지병원,발달상권,1456553,2019.0,1182.0,15495.0,41.0,348106732.0,1.0,10.0,5.0,3.0,0.0,315042588.0,2724181861.0,2026Q2,2025Q4
3120189,강남역,발달상권,7433594,6248.0,4046.0,87191.0,30.0,511585843.0,4.0,8.0,1.0,17.0,13918378.0,0.0,18418817345.0,2026Q2,2025Q4
3120188,압구정역,발달상권,2067370,1523.0,695.0,14682.0,18.0,652507449.0,2.0,0.0,1.0,5.0,0.0,0.0,1664350486.0,2026Q2,2025Q4
3120187,신논현역,발달상권,3540282,5133.0,3831.0,25051.0,56.0,264999172.0,2.0,3.0,2.0,12.0,0.0,21193423.0,5305684782.0,2026Q2,2025Q4
3120186,가로수길,발달상권,2019972,2685.0,1482.0,11262.0,51.0,375889806.0,0.0,1.0,0.0,3.0,0.0,0.0,3143232444.0,2026Q2,2025Q4
3120185,논현역,발달상권,2329685,3366.0,2263.0,16908.0,47.0,395954164.0,2.0,3.0,0.0,9.0,0.0,47819289.0,1987541000.0,2026Q2,2025Q4
3120184,포이사거리(삼호물산),발달상권,1617244,5549.0,3356.0,15262.0,110.0,271518187.0,8.0,27.0,0.0,5.0,38012437.0,4043789850.0,2990359038.0,2026Q2,2025Q4
3120183,양재천카페거리,발달상권,485269,1112.0,682.0,13817.0,22.0,244126416.0,1.0,5.0,0.0,2.0,0.0,2680675299.0,0.0,2026Q2,2025Q4
3120182,"양재시민의숲역(양재동꽃시장, aT센터)",발달상권,727879,1680.0,937.0,8588.0,26.0,331990554.0,1.0,13.0,2.0,3.0,0.0,2521862416.0,354271925.0,2026Q2,2025Q4
3120181,교육개발원입구사거리,발달상권,488390,968.0,609.0,5630.0,22.0,218034249.0,0.0,3.0,1.0,1.0,0.0,257412393.0,736060677.0,2026Q2,2025Q4
3120180,양재화물트럭터미널앞,발달상권,121707,1229.0,380.0,5021.0,4.0,533758333.0,20.0,17.0,3.0,0.0,145693868.0,744559534.0,0.0,2026Q2,2025Q4
3120179,양재역,발달상권,2530989,5438.0,3183.0,27837.0,62.0,387861382.0,6.0,5.0,1.0,7.0,0.0,153000000.0,1755558457.0,2026Q2,2025Q4
3120178,신사역,발달상권,2915622,3250.0,2165.0,19438.0,48.0,351424163.0,5.0,3.0,3.0,3.0,66151773.0,89818092.0,2347654149.0,2026Q2,2025Q4
3120177,신논현역 1번,발달상권,1297630,4226.0,3045.0,1661.0,81.0,235241854.0,0.0,2.0,0.0,0.0,,,,2026Q2,2025Q4
3120176,논현역 4번,발달상권,1781996,4663.0,3185.0,1058.0,100.0,255443941.0,2.0,1.0,0.0,0.0,,,,2026Q2,2025Q4
3120175,남부터미널역,발달상권,1399411,3906.0,2363.0,21560.0,29.0,468825530.0,6.0,7.0,2.0,3.0,42000000.0,205797036.0,1783716974.0,2026Q2,2025Q4
3120174,논현역 5번,발달상권,487619,1311.0,697.0,1175.0,21.0,362321674.0,0.0,1.0,0.0,0.0,,,,2026Q2,2025Q4
3120173,교대역(법원.검찰청),발달상권,4089524,5256.0,2944.0,33675.0,60.0,417861071.0,5.0,4.0,0.0,4.0,0.0,222510662.0,4250761000.0,2026Q2,2025Q4
3120172,교대입구교차로,발달상권,2035166,3942.0,2461.0,16919.0,37.0,414791140.0,3.0,8.0,3.0,2.0,0.0,564157083.0,1707751858.0,2026Q2,2025Q4
3120171,서초3동사거리,발달상권,1475255,3271.0,1852.0,11164.0,34.0,396505072.0,1.0,5.0,3.0,2.0,0.0,278138399.0,2779198725.0,2026Q2,2025Q4
3120170,삼호가든사거리,발달상권,975353,621.0,273.0,13848.0,9.0,659889502.0,0.0,0.0,1.0,1.0,0.0,0.0,456869346.0,2026Q2,2025Q4
3120169,서초역,발달상권,1376201,2270.0,1180.0,15721.0,13.0,718395698.0,1.0,3.0,2.0,6.0,0.0,782718957.0,1674548055.0,2026Q2,2025Q4
3120168,서울고교교차로,발달상권,426193,366.0,190.0,2243.0,6.0,461612208.0,0.0,4.0,0.0,1.0,,,,2026Q2,2025Q4
3120167,고속터미널(고속터미널역),발달상권,610730,291.0,92.0,26897.0,1.0,2319833333.0,6.0,0.0,2.0,4.0,0.0,0.0,308709773.0,2026Q2,2025Q4
3120166,방배역,발달상권,1104238,2702.0,1472.0,10702.0,54.0,336159418.0,4.0,1.0,0.0,6.0,0.0,0.0,1581588596.0,2026Q2,2025Q4
3120165,서래마을카페거리(서래마을),발달상권,800904,1397.0,568.0,11545.0,45.0,551565249.0,1.0,0.0,4.0,1.0,0.0,0.0,813472901.0,2026Q2,2025Q4
3120164,내방역,발달상권,1286031,2726.0,1332.0,12182.0,63.0,362156631.0,2.0,4.0,0.0,4.0,0.0,832262244.0,699759288.0,2026Q2,2025Q4
3120163,사당역 11번(사당역먹자골목),발달상권,1330272,3105.0,1451.0,980.0,63.0,459270025.0,0.0,0.0,0.0,0.0,,,,2026Q2,2025Q4
3120162,방배동카페골목,발달상권,662678,2367.0,1151.0,7381.0,29.0,334585215.0,0.0,1.0,0.0,1.0,0.0,0.0,493033263.0,2026Q2,2025Q4
3120161,방배동가구거리(사당동가구거리),발달상권,351013,1251.0,542.0,6540.0,37.0,314968329.0,1.0,2.0,5.0,0.0,0.0,207419192.0,0.0,2026Q2,2025Q4
3120160,사당역(사당),발달상권,2016826,3962.0,2492.0,12897.0,61.0,372982501.0,1.0,5.0,6.0,6.0,0.0,880910675.0,3164103455.0,2026Q2,2025Q4
3120159,서울대입구역,발달상권,3608372,9896.0,8636.0,6550.0,23.0,203650382.0,1.0,4.0,0.0,6.0,0.0,119253044.0,5654889291.0,2026Q2,2025Q4
3120158,녹두거리(대학동),발달상권,776939,2161.0,1808.0,395.0,2.0,177522727.0,0.0,0.0,0.0,1.0,0.0,0.0,1091193824.0,2026Q2,2025Q4
3120157,신림역(신림),발달상권,4607653,9319.0,7649.0,1622.0,63.0,183851522.0,1.0,0.0,0.0,4.0,0.0,0.0,5229873906.0,2026Q2,2025Q4
3120156,"총신대입구역(이수, 총신대)",발달상권,3353166,4309.0,2476.0,7436.0,33.0,342798443.0,2.0,3.0,7.0,4.0,0.0,153805873.0,1668138147.0,2026Q2,2025Q4
3120155,총신대학교,발달상권,194455,1961.0,978.0,323.0,27.0,189413661.0,1.0,2.0,0.0,0.0,,,,2026Q2,2025Q4
3120154,장승배기역,발달상권,591717,725.0,510.0,551.0,15.0,183825000.0,0.0,2.0,0.0,1.0,0.0,0.0,530538493.0,2026Q2,2025Q4
3120153,노량진역(노량진),발달상권,1783126,3207.0,2897.0,5349.0,10.0,216935076.0,1.0,1.0,0.0,2.0,0.0,0.0,5889184228.0,2026Q2,2025Q4
3120152,신대방삼거리역,발달상권,829449,2779.0,1785.0,3098.0,56.0,197735298.0,1.0,2.0,1.0,0.0,0.0,191498676.0,1751026056.0,2026Q2,2025Q4
3120151,보라매공원,발달상권,993659,5037.0,2262.0,10160.0,24.0,381852913.0,1.0,1.0,0.0,1.0,0.0,0.0,2216638516.0,2026Q2,2025Q4
3120150,63빌딩,발달상권,49467,622.0,243.0,8821.0,1.0,964000000.0,0.0,0.0,0.0,0.0,,,,2026Q2,2025Q4
3120149,여의도역(여의도),발달상권,1683649,2843.0,1120.0,166492.0,2.0,1119568182.0,2.0,3.0,0.0,10.0,0.0,172545993.0,10243342912.0,2026Q2,2025Q4
3120148,국회의사당역(국회의사당),발달상권,411813,2450.0,1732.0,75584.0,,,2.0,2.0,4.0,9.0,0.0,0.0,3084437665.0,2026Q2,2025Q4
3120147,보라매역,발달상권,1071184,1146.0,727.0,2307.0,20.0,221537235.0,0.0,4.0,4.0,1.0,0.0,86437730.0,560344689.0,2026Q2,2025Q4
3120146,한강성심병원,발달상권,465706,3067.0,2651.0,3893.0,12.0,147917887.0,1.0,7.0,0.0,0.0,0.0,0.0,45000000.0,2026Q2,2025Q4
3120145,영등포역(영등포),발달상권,4182529,5935.0,5306.0,4867.0,15.0,137141244.0,2.0,4.0,0.0,6.0,0.0,43051846.0,5142546092.0,2026Q2,2025Q4
3120144,영중로,발달상권,2130057,1731.0,1482.0,2392.0,2.0,189636364.0,3.0,18.0,0.0,3.0,81232598.0,2673327004.0,276481338.0,2026Q2,2025Q4
3120143,당산역,발달상권,1048463,2810.0,2350.0,4255.0,12.0,156708733.0,0.0,3.0,1.0,5.0,0.0,1077073378.0,1893599338.0,2026Q2,2025Q4
3120142,대림역,발달상권,1974220,1409.0,972.0,2012.0,23.0,128216715.0,1.0,3.0,0.0,3.0,0.0,84232087.0,1147474130.0,2026Q2,2025Q4
3120141,영등포청과시장교차로,발달상권,527414,1363.0,927.0,2597.0,11.0,157051952.0,0.0,4.0,0.0,0.0,0.0,53987421.0,0.0,2026Q2,2025Q4
3120140,문래동주민센터,발달상권,106969,857.0,367.0,25596.0,,,3.0,0.0,0.0,1.0,27719555.0,0.0,216060995.0,2026Q2,2025Q4
3120139,대림3동사거리,발달상권,759193,2161.0,1180.0,2290.0,30.0,160487059.0,2.0,15.0,8.0,6.0,0.0,1410097812.0,2083995784.0,2026Q2,2025Q4
3120138,당산2동(영등포우체국),발달상권,638843,1471.0,911.0,9848.0,6.0,198046515.0,0.0,0.0,0.0,0.0,,,,2026Q2,2025Q4
3120137,문래역(문래로데오거리),발달상권,30639,,,2644.0,,,0.0,0.0,0.0,0.0,,,,2026Q2,2025Q4
3120136,영등포구청역,발달상권,1859062,2878.0,2022.0,8473.0,4.0,134444318.0,5.0,9.0,0.0,4.0,0.0,143423304.0,2573639901.0,2026Q2,2025Q4
3120135,양평역,발달상권,469032,524.0,350.0,2793.0,2.0,305000000.0,2.0,0.0,0.0,2.0,0.0,0.0,265028824.0,2026Q2,2025Q4
3120134,구로전화국,발달상권,779587,3280.0,2113.0,1630.0,56.0,171480051.0,0.0,7.0,3.0,0.0,0.0,468841785.0,265931108.0,2026Q2,2025Q4
3120133,서울시흥동우체국(홈플러스시흥점),발달상권,136281,908.0,667.0,454.0,9.0,175510649.0,1.0,0.0,1.0,0.0,,,,2026Q2,2025Q4
3120132,독산동,발달상권,1097780,8016.0,5889.0,7998.0,36.0,185461209.0,7.0,30.0,1.0,3.0,141505782.0,4356169716.0,1852167113.0,2026Q2,2025Q4
3120131,가산디지털단지,발달상권,1121452,5533.0,4973.0,104860.0,10.0,138561255.0,7.0,22.0,3.0,21.0,490544246.0,1456300706.0,16821533307.0,2026Q2,2025Q4
3120130,구로디지털단지역,발달상권,1829176,2336.0,2048.0,2310.0,7.0,204523611.0,0.0,4.0,3.0,4.0,0.0,326619748.0,3063691107.0,2026Q2,2025Q4
3120129,구로디지털단지,발달상권,730606,1518.0,1195.0,56132.0,23.0,105341886.0,1.0,3.0,0.0,7.0,0.0,245660315.0,3905223615.0,2026Q2,2025Q4
3120128,신도림역,발달상권,506835,3203.0,1677.0,8504.0,1.0,968583333.0,3.0,1.0,1.0,9.0,0.0,0.0,813406850.0,2026Q2,2025Q4
3120127,구로구청,발달상권,600400,5483.0,4162.0,4193.0,13.0,214796737.0,1.0,3.0,3.0,1.0,0.0,132441138.0,1207298243.0,2026Q2,2025Q4
3120126,디지털단지오거리,발달상권,255573,607.0,470.0,71.0,11.0,210960417.0,0.0,1.0,0.0,0.0,0.0,131986975.0,0.0,2026Q2,2025Q4
3120125,구로역,발달상권,664272,1837.0,985.0,12431.0,4.0,249302273.0,2.0,13.0,3.0,5.0,0.0,2128808893.0,895147073.0,2026Q2,2025Q4
3120124,개봉동 현대아파트,발달상권,1062922,3356.0,1655.0,3301.0,75.0,148500582.0,1.0,1.0,3.0,0.0,,,,2026Q2,2025Q4
3120123,오류동역,발달상권,666275,5888.0,4613.0,2184.0,15.0,139782635.0,1.0,1.0,0.0,6.0,0.0,0.0,3645391310.0,2026Q2,2025Q4
3120122,강서구청,발달상권,2164195,7720.0,5857.0,5982.0,61.0,141117432.0,0.0,1.0,0.0,4.0,0.0,0.0,3912092036.0,2026Q2,2025Q4
3120121,까치산역,발달상권,6327752,3519.0,2304.0,846.0,65.0,151400321.0,2.0,3.0,1.0,2.0,0.0,13430296.0,1376437457.0,2026Q2,2025Q4
3120120,화곡역,발달상권,1730451,3059.0,2049.0,2475.0,49.0,143923980.0,1.0,1.0,1.0,3.0,0.0,0.0,2718873825.0,2026Q2,2025Q4
3120119,발산역(마곡),발달상권,854541,2904.0,2684.0,7795.0,1.0,230545455.0,5.0,2.0,0.0,7.0,0.0,63697575.0,3616544499.0,2026Q2,2025Q4
3120118,마곡역(마곡),발달상권,142595,1766.0,1644.0,3866.0,,,4.0,0.0,0.0,2.0,0.0,0.0,1433196005.0,2026Q2,2025Q4
3120117,강서농산물도매시장,발달상권,8248,26.0,24.0,754.0,,,,,,,,,,2026Q2,2025Q4
3120116,송정역,발달상권,283244,963.0,717.0,791.0,11.0,127879805.0,0.0,0.0,0.0,2.0,,,,2026Q2,2025Q4
3120115,김포공항역(김포공항),발달상권,9051,,,900.0,,,1.0,1.0,0.0,3.0,0.0,0.0,1486133012.0,2026Q2,2025Q4
3120114,목동신시가지,발달상권,1158423,10490.0,3792.0,27985.0,8.0,1219082386.0,2.0,2.0,1.0,3.0,0.0,0.0,2917885571.0,2026Q2,2025Q4
3120113,오목교역,발달상권,1711815,3163.0,1184.0,5101.0,30.0,333948104.0,0.0,1.0,0.0,1.0,0.0,0.0,1018091901.0,2026Q2,2025Q4
3120112,등촌역,발달상권,1454918,5248.0,3625.0,3539.0,69.0,161546740.0,0.0,4.0,1.0,4.0,0.0,356892.0,996666556.0,2026Q2,2025Q4
3120111,목동사거리,발달상권,641897,2402.0,1402.0,1559.0,43.0,146264039.0,1.0,7.0,0.0,1.0,0.0,355146450.0,389268837.0,2026Q2,2025Q4
3120110,목동역 8번출구,발달상권,1146742,2022.0,1145.0,2332.0,35.0,167655065.0,0.0,1.0,1.0,3.0,0.0,0.0,2026143553.0,2026Q2,2025Q4
3120109,서울남부지방법원,발달상권,642911,2101.0,1133.0,9625.0,35.0,148446301.0,2.0,3.0,0.0,2.0,0.0,382011894.0,143627462.0,2026Q2,2025Q4
3120108,신정네거리역,발달상권,900757,3360.0,2156.0,4014.0,56.0,143956005.0,0.0,7.0,1.0,2.0,0.0,546295079.0,1129200462.0,2026Q2,2025Q4
3120107,공덕역(공덕오거리),발달상권,1237934,2575.0,1402.0,16135.0,6.0,975453869.0,2.0,3.0,1.0,6.0,0.0,0.0,570203884.0,2026Q2,2025Q4
3120106,마포역,발달상권,806515,3745.0,2148.0,14017.0,2.0,223404040.0,0.0,0.0,0.0,1.0,0.0,0.0,968738136.0,2026Q2,2025Q4
3120105,상수역(홍대),발달상권,1029406,1245.0,924.0,1416.0,32.0,162208728.0,2.0,0.0,1.0,1.0,0.0,0.0,947897990.0,2026Q2,2025Q4
3120104,연남동(홍대),발달상권,5025951,6602.0,4208.0,6380.0,186.0,193604845.0,4.0,5.0,0.0,5.0,8899829.0,196829737.0,4505744983.0,2026Q2,2025Q4
3120103,홍대입구역(홍대),발달상권,4134072,4546.0,3221.0,7185.0,67.0,203794811.0,1.0,2.0,0.0,15.0,0.0,0.0,9048809212.0,2026Q2,2025Q4
3120102,서교동(홍대),발달상권,2717028,3100.0,1859.0,4770.0,75.0,237739706.0,0.0,2.0,0.0,7.0,0.0,0.0,1532486317.0,2026Q2,2025Q4
3120101,합정역,발달상권,1468037,5348.0,2805.0,4035.0,69.0,309720380.0,1.0,1.0,2.0,9.0,0.0,0.0,3479681749.0,2026Q2,2025Q4
3120100,망원역,발달상권,488961,1007.0,618.0,1960.0,29.0,203697631.0,1.0,0.0,0.0,3.0,0.0,0.0,1361446283.0,2026Q2,2025Q4
3120099,월드컵경기장역(월드컵경기장),발달상권,8613,,,,,,0.0,0.0,0.0,0.0,0.0,0.0,231000000.0,2026Q2,2025Q4
3120098,DMC(디지털미디어시티),발달상권,467906,1177.0,943.0,15261.0,,,2.0,0.0,0.0,6.0,0.0,0.0,4449843558.0,2026Q2,2025Q4
3120097,충정로역,발달상권,568609,885.0,757.0,3793.0,5.0,200778242.0,0.0,0.0,0.0,2.0,0.0,0.0,301992344.0,2026Q2,2025Q4
3120096,"이화여대(이대역, 이대)",발달상권,1511116,2980.0,2494.0,552.0,3.0,224182576.0,0.0,0.0,0.0,3.0,0.0,0.0,1646734486.0,2026Q2,2025Q4
3120095,홍제역,발달상권,1245791,1120.0,713.0,988.0,7.0,182458707.0,0.0,1.0,1.0,1.0,,,,2026Q2,2025Q4
3120094,"신촌역(신촌역, 신촌로터리)",발달상권,6379417,4027.0,3369.0,2782.0,17.0,142871018.0,2.0,1.0,0.0,10.0,0.0,0.0,7684890872.0,2026Q2,2025Q4
3120093,연희동,발달상권,730405,1065.0,703.0,2613.0,14.0,160427613.0,0.0,2.0,1.0,2.0,0.0,0.0,476086221.0,2026Q2,2025Q4
3120092,불광역,발달상권,602629,1422.0,996.0,361.0,23.0,158189710.0,0.0,1.0,0.0,1.0,0.0,0.0,516780907.0,2026Q2,2025Q4
3120091,본서부병원,발달상권,814705,3473.0,2085.0,1212.0,62.0,161850357.0,0.0,1.0,0.0,3.0,0.0,0.0,2339510216.0,2026Q2,2025Q4
3120090,연신내역,발달상권,2072583,3094.0,2375.0,1147.0,40.0,157906507.0,0.0,0.0,0.0,2.0,0.0,0.0,2782445021.0,2026Q2,2025Q4
3120089,구파발역,발달상권,275910,3151.0,1661.0,1107.0,8.0,491601010.0,2.0,0.0,0.0,0.0,0.0,0.0,135000000.0,2026Q2,2025Q4
3120088,구산역,발달상권,577128,1581.0,774.0,1239.0,20.0,176832924.0,0.0,0.0,1.0,1.0,0.0,0.0,401818233.0,2026Q2,2025Q4
3120087,응암역,발달상권,655297,2218.0,1412.0,457.0,41.0,151094241.0,0.0,0.0,0.0,0.0,,,,2026Q2,2025Q4
3120086,태릉입구역,발달상권,364233,1895.0,1235.0,1207.0,9.0,218643827.0,0.0,0.0,0.0,1.0,0.0,0.0,936795761.0,2026Q2,2025Q4
3120085,은행사거리,발달상권,473054,193.0,91.0,1811.0,,,0.0,3.0,3.0,3.0,0.0,149730053.0,1107005671.0,2026Q2,2025Q4
3120084,공릉역,발달상권,514628,1337.0,898.0,1133.0,20.0,156321020.0,0.0,0.0,1.0,1.0,0.0,0.0,438859382.0,2026Q2,2025Q4
3120083,등나무근린공원,발달상권,211825,1473.0,613.0,1099.0,,,0.0,0.0,0.0,0.0,0.0,0.0,1704714090.0,2026Q2,2025Q4
3120082,상계백병원,발달상권,170359,78.0,55.0,578.0,1.0,262500000.0,0.0,0.0,0.0,0.0,0.0,0.0,1218919881.0,2026Q2,2025Q4
3120081,노원역,발달상권,4903321,1223.0,1042.0,5934.0,2.0,184404167.0,1.0,6.0,3.0,8.0,0.0,9831933.0,3600778802.0,2026Q2,2025Q4
3120080,마들역,발달상권,114655,4.0,4.0,1635.0,,,0.0,0.0,0.0,0.0,0.0,0.0,777940525.0,2026Q2,2025Q4
3120079,창동역,발달상권,422390,549.0,501.0,3247.0,,,0.0,1.0,1.0,2.0,0.0,0.0,1493009326.0,2026Q2,2025Q4
3120078,미아사거리역,발달상권,826746,435.0,299.0,576.0,3.0,137393651.0,1.0,1.0,0.0,2.0,0.0,0.0,2640656669.0,2026Q2,2025Q4
3120077,미아역,발달상권,1525364,1636.0,1047.0,354.0,12.0,129390912.0,0.0,1.0,1.0,1.0,,,,2026Q2,2025Q4
3120076,수유역,발달상권,4274948,5959.0,4491.0,3443.0,38.0,135843196.0,0.0,6.0,2.0,9.0,0.0,178313385.0,7474987968.0,2026Q2,2025Q4
3120075,월곡역,발달상권,411799,2211.0,1320.0,1144.0,10.0,184250062.0,0.0,0.0,1.0,3.0,0.0,0.0,630330225.0,2026Q2,2025Q4
3120074,안암역,발달상권,1040769,497.0,393.0,182.0,1.0,91244444.0,0.0,0.0,0.0,1.0,0.0,0.0,248551931.0,2026Q2,2025Q4
3120073,미아사거리,발달상권,355656,713.0,479.0,231.0,5.0,241695606.0,1.0,1.0,4.0,0.0,0.0,0.0,1004480564.0,2026Q2,2025Q4
3120072,성신여대,발달상권,2618755,3207.0,2507.0,1439.0,16.0,125160108.0,0.0,3.0,0.0,4.0,0.0,128543000.0,814703473.0,2026Q2,2025Q4
3120071,성북구청,발달상권,516636,1069.0,781.0,2185.0,3.0,131995000.0,0.0,2.0,0.0,1.0,0.0,0.0,278748396.0,2026Q2,2025Q4
3120070,한성대입구역,발달상권,739969,1053.0,730.0,3799.0,5.0,137336566.0,1.0,0.0,3.0,1.0,0.0,0.0,1204811576.0,2026Q2,2025Q4
3120069,상봉역,발달상권,1537027,6542.0,3691.0,2554.0,46.0,216574804.0,1.0,0.0,0.0,12.0,0.0,0.0,2293784401.0,2026Q2,2025Q4
3120068,사가정역,발달상권,284773,534.0,399.0,299.0,3.0,154363636.0,0.0,0.0,0.0,1.0,,,,2026Q2,2025Q4
3120067,장안동사거리,발달상권,1675377,6633.0,3760.0,3227.0,40.0,235297591.0,0.0,6.0,1.0,8.0,0.0,187869814.0,1987673806.0,2026Q2,2025Q4
3120066,장한평역(장한평),발달상권,1481684,5543.0,4036.0,7238.0,43.0,206278730.0,17.0,127.0,5.0,11.0,119643359.0,6010066314.0,4338546506.0,2026Q2,2025Q4
3120065,회기역,발달상권,1283845,2245.0,1683.0,814.0,5.0,242213333.0,0.0,0.0,2.0,6.0,0.0,0.0,1596003955.0,2026Q2,2025Q4
3120064,경희대학교(경희대),발달상권,1063917,682.0,503.0,33.0,2.0,96750000.0,0.0,0.0,0.0,2.0,0.0,0.0,429020305.0,2026Q2,2025Q4
3120063,청량리역(청량리),발달상권,1096199,2274.0,1824.0,1560.0,6.0,230697980.0,1.0,2.0,1.0,6.0,0.0,0.0,2798231742.0,2026Q2,2025Q4
3120062,신설동역,발달상권,1785364,3738.0,3199.0,6339.0,13.0,131890987.0,0.0,2.0,0.0,4.0,0.0,0.0,2341301426.0,2026Q2,2025Q4
3120061,올림픽대교북단,발달상권,407591,238.0,156.0,1505.0,1.0,163750000.0,0.0,1.0,0.0,1.0,,,,2026Q2,2025Q4
3120060,강변역(테크노마트),발달상권,307564,5.0,5.0,4425.0,,,1.0,1.0,0.0,2.0,0.0,0.0,2145765459.0,2026Q2,2025Q4
3120059,구삼강변맛길,발달상권,1019095,4133.0,1850.0,3984.0,38.0,298936735.0,3.0,1.0,0.0,4.0,0.0,0.0,557079948.0,2026Q2,2025Q4
3120058,구의사거리,발달상권,686736,1746.0,915.0,1201.0,31.0,200312943.0,0.0,5.0,2.0,1.0,0.0,542245233.0,493935036.0,2026Q2,2025Q4
3120057,아차산역,발달상권,1193155,3333.0,1819.0,2527.0,57.0,197996950.0,0.0,4.0,1.0,2.0,0.0,405694650.0,632796882.0,2026Q2,2025Q4
3120056,구의역,발달상권,1376479,4317.0,3240.0,7498.0,50.0,174206791.0,2.0,2.0,1.0,3.0,0.0,211146418.0,1569220176.0,2026Q2,2025Q4
3120055,군자역,발달상권,2315180,6506.0,4514.0,3475.0,72.0,169471979.0,2.0,5.0,3.0,4.0,0.0,210934685.0,2308869146.0,2026Q2,2025Q4
3120054,어린이대공원역,발달상권,1938364,4920.0,3564.0,362.0,26.0,295230220.0,0.0,0.0,0.0,2.0,0.0,0.0,1360534702.0,2026Q2,2025Q4
3120053,건대입구역(건대),발달상권,2719129,4002.0,2909.0,1689.0,24.0,176791563.0,3.0,0.0,0.0,8.0,0.0,0.0,4417292332.0,2026Q2,2025Q4
3120052,성수역,발달상권,1455782,936.0,652.0,11354.0,9.0,276958571.0,4.0,14.0,1.0,4.0,57783819.0,1415948169.0,5948550581.0,2026Q2,2025Q4
3120051,뚝섬역,발달상권,2357818,1806.0,1010.0,6598.0,13.0,312241434.0,4.0,6.0,0.0,3.0,52892177.0,353462567.0,1175266090.0,2026Q2,2025Q4
3120050,서울숲역,발달상권,252553,664.0,401.0,1428.0,7.0,359870594.0,1.0,2.0,0.0,0.0,,,,2026Q2,2025Q4
3120049,왕십리역(왕십리),발달상권,3462010,2411.0,1831.0,1450.0,26.0,196931929.0,2.0,0.0,0.0,7.0,0.0,0.0,1679155705.0,2026Q2,2025Q4
3120048,금호역,발달상권,829631,1306.0,736.0,376.0,20.0,174813290.0,0.0,0.0,0.0,2.0,0.0,0.0,473131397.0,2026Q2,2025Q4
3120047,한남오거리,발달상권,552385,1648.0,1012.0,13257.0,5.0,535916450.0,1.0,4.0,1.0,2.0,0.0,0.0,886915708.0,2026Q2,2025Q4
3120046,이태원(이태원역),발달상권,1494220,2490.0,1622.0,22140.0,34.0,520429670.0,0.0,1.0,0.0,4.0,0.0,0.0,5952195850.0,2026Q2,2025Q4
3120045,남영동 먹자골목,발달상권,189498,604.0,467.0,3277.0,1.0,511500000.0,0.0,1.0,0.0,0.0,0.0,0.0,544288919.0,2026Q2,2025Q4
3120044,삼각지역,발달상권,805905,2351.0,1510.0,3985.0,14.0,419570346.0,0.0,2.0,0.0,0.0,0.0,34909883.0,179643550.0,2026Q2,2025Q4
3120043,서울역,발달상권,1053202,581.0,554.0,27333.0,,,1.0,1.0,2.0,19.0,0.0,0.0,5625017709.0,2026Q2,2025Q4
3120042,"숙대입구역(남영역, 남영동)",발달상권,437683,286.0,241.0,5031.0,3.0,338688889.0,0.0,0.0,0.0,2.0,0.0,0.0,530760781.0,2026Q2,2025Q4
3120041,신용산역(용산역),발달상권,2104819,7385.0,4063.0,36527.0,13.0,899357157.0,1.0,2.0,0.0,10.0,0.0,0.0,1314698261.0,2026Q2,2025Q4
3120040,용산전자상가(용산역),발달상권,1006418,1505.0,966.0,15346.0,12.0,295525913.0,3.0,7.0,4.0,6.0,0.0,527671030.0,2037109332.0,2026Q2,2025Q4
3120039,신당역,발달상권,2027189,3531.0,2326.0,2321.0,8.0,323919613.0,0.0,5.0,4.0,2.0,0.0,820894293.0,2866721091.0,2026Q2,2025Q4
3120038,약수역,발달상권,936996,1826.0,1039.0,8665.0,37.0,209898101.0,3.0,2.0,1.0,1.0,45415796.0,1093110211.0,1650598924.0,2026Q2,2025Q4
3120037,동대문역사문화공원역,발달상권,3592218,1663.0,1099.0,23881.0,11.0,200716345.0,1.0,5.0,0.0,1.0,0.0,114000000.0,6218690390.0,2026Q2,2025Q4
3120036,장충동족발거리(남소영길),발달상권,268487,301.0,225.0,1466.0,2.0,135038636.0,0.0,0.0,0.0,0.0,,,,2026Q2,2025Q4
3120035,퇴계로5가,발달상권,610813,403.0,328.0,1983.0,3.0,202150000.0,0.0,2.0,0.0,1.0,0.0,0.0,1240885159.0,2026Q2,2025Q4
3120034,중구청(퇴계로4가),발달상권,783018,1958.0,1333.0,5288.0,1.0,218363636.0,0.0,0.0,1.0,2.0,0.0,0.0,259924325.0,2026Q2,2025Q4
3120033,을지로4가역,발달상권,649786,60.0,46.0,3944.0,,,0.0,0.0,0.0,2.0,0.0,0.0,933667940.0,2026Q2,2025Q4
3120032,충무로역,발달상권,1904015,2345.0,1514.0,12883.0,4.0,256614545.0,2.0,1.0,7.0,2.0,0.0,0.0,2614154212.0,2026Q2,2025Q4
3120031,을지로3가역,발달상권,2201238,1832.0,1252.0,13468.0,,,0.0,1.0,0.0,7.0,0.0,0.0,4421057470.0,2026Q2,2025Q4
3120030,중부경찰서(영화인의거리),발달상권,1567218,432.0,332.0,8058.0,,,0.0,0.0,0.0,1.0,0.0,0.0,545454360.0,2026Q2,2025Q4
3120029,을지로2가,발달상권,224790,13.0,10.0,13574.0,,,0.0,0.0,0.0,0.0,0.0,0.0,1092051005.0,2026Q2,2025Q4
3120028,명동(명동거리),발달상권,2039429,112.0,88.0,37526.0,,,0.0,0.0,0.0,12.0,0.0,0.0,6126554747.0,2026Q2,2025Q4
3120027,명동역(명동재미로),발달상권,723317,997.0,542.0,10825.0,4.0,475554924.0,0.0,0.0,0.0,1.0,0.0,0.0,1194216877.0,2026Q2,2025Q4
3120026,을지로입구역,발달상권,820819,70.0,56.0,43168.0,,,0.0,0.0,0.0,4.0,0.0,0.0,2587099696.0,2026Q2,2025Q4
3120025,롯데백화점(시청광장 지하쇼핑센터),발달상권,108254,,,24494.0,,,0.0,0.0,0.0,2.0,0.0,0.0,54000000.0,2026Q2,2025Q4
3120024,회현역,발달상권,652334,1260.0,819.0,2868.0,9.0,240023196.0,0.0,0.0,0.0,1.0,0.0,0.0,1778061948.0,2026Q2,2025Q4
3120023,서울시청,발달상권,504304,12.0,10.0,15371.0,,,1.0,0.0,0.0,5.0,0.0,0.0,4756643778.0,2026Q2,2025Q4
3120022,북창동(시청역_6번),발달상권,1026173,193.0,178.0,21464.0,,,0.0,0.0,0.0,1.0,0.0,0.0,2377822594.0,2026Q2,2025Q4
3120021,시청역_8번,발달상권,406497,14.0,10.0,20839.0,,,2.0,0.0,0.0,0.0,0.0,0.0,783216912.0,2026Q2,2025Q4
3120020,시청역_1번,발달상권,56821,7.0,5.0,5078.0,,,0.0,0.0,1.0,1.0,0.0,0.0,564342516.0,2026Q2,2025Q4
3120019,경찰청앞교차로,발달상권,355141,551.0,342.0,8770.0,,,0.0,1.0,0.0,1.0,0.0,0.0,992286808.0,2026Q2,2025Q4
3120018,중림동,발달상권,437439,2020.0,1551.0,4265.0,4.0,169710227.0,0.0,1.0,0.0,2.0,0.0,0.0,756030744.0,2026Q2,2025Q4
3120017,동묘앞역(동묘),발달상권,715989,1185.0,923.0,705.0,4.0,164116288.0,0.0,0.0,0.0,0.0,0.0,0.0,1349827411.0,2026Q2,2025Q4
3120016,동대문역,발달상권,821415,482.0,371.0,487.0,1.0,80800000.0,0.0,0.0,0.0,0.0,0.0,0.0,811239477.0,2026Q2,2025Q4
3120015,종로6가,발달상권,411446,143.0,101.0,1620.0,,,0.0,0.0,0.0,3.0,0.0,0.0,514583437.0,2026Q2,2025Q4
3120014,종로5가역,발달상권,856686,981.0,849.0,5154.0,1.0,172000000.0,0.0,0.0,0.0,0.0,0.0,0.0,1149066219.0,2026Q2,2025Q4
3120013,이화사거리,발달상권,1685089,862.0,685.0,3008.0,3.0,193466667.0,0.0,1.0,0.0,0.0,0.0,0.0,1034262136.0,2026Q2,2025Q4
3120012,대학로(혜화역),발달상권,3593343,1866.0,1265.0,2991.0,29.0,212289419.0,0.0,0.0,0.0,6.0,0.0,0.0,2141598096.0,2026Q2,2025Q4
3120011,종로4가,발달상권,736718,975.0,438.0,4831.0,,,0.0,0.0,0.0,1.0,0.0,0.0,702535901.0,2026Q2,2025Q4
3120010,원남동사거리,발달상권,915329,798.0,631.0,3838.0,3.0,93878788.0,0.0,1.0,0.0,0.0,0.0,0.0,243442667.0,2026Q2,2025Q4
3120009,종로3가역,발달상권,5792307,3255.0,2756.0,21862.0,5.0,186678485.0,0.0,2.0,0.0,9.0,0.0,0.0,4398144916.0,2026Q2,2025Q4
3120008,인사동,발달상권,1261772,353.0,276.0,10364.0,,,1.0,0.0,2.0,4.0,0.0,0.0,1827645654.0,2026Q2,2025Q4
3120007,북촌(안국역),발달상권,700063,1263.0,658.0,12202.0,9.0,246855732.0,1.0,1.0,1.0,1.0,0.0,0.0,363206093.0,2026Q2,2025Q4
3120006,종각역,발달상권,2780903,430.0,365.0,51748.0,,,0.0,0.0,0.0,11.0,0.0,0.0,3498671633.0,2026Q2,2025Q4
3120005,삼청동,발달상권,333183,1053.0,539.0,3310.0,2.0,582651786.0,0.0,0.0,0.0,1.0,0.0,0.0,378460426.0,2026Q2,2025Q4
3120004,종로구청,발달상권,443822,447.0,259.0,5275.0,2.0,687333333.0,0.0,0.0,0.0,0.0,0.0,0.0,806599323.0,2026Q2,2025Q4
3120003,광화문역,발달상권,1217100,2975.0,1624.0,43594.0,3.0,1014242424.0,1.0,0.0,1.0,2.0,0.0,0.0,3030532579.0,2026Q2,2025Q4
3120002,서촌(경복궁역),발달상권,1262174,1363.0,697.0,3194.0,15.0,322939141.0,3.0,1.0,0.0,1.0,46851217.0,0.0,765964424.0,2026Q2,2025Q4
3120001,서대문역,발달상권,1044415,579.0,423.0,4645.0,5.0,171406667.0,0.0,1.0,0.0,4.0,0.0,0.0,292085813.0,2026Q2,2025Q4
3111090,강일동주민센터,골목상권,69926,902.0,749.0,143.0,,,0.0,0.0,0.0,1.0,,,,2026Q2,2025Q4
3111089,상일여고(상일초등학교),골목상권,801576,3288.0,1694.0,1291.0,78.0,158773438.0,0.0,6.0,0.0,2.0,0.0,313349731.0,522902231.0,2026Q2,2025Q4
3111088,고덕동성당,골목상권,267212,1905.0,1005.0,550.0,20.0,204434702.0,1.0,2.0,0.0,1.0,0.0,0.0,555346913.0,2026Q2,2025Q4
3111087,고덕중학교(고덕2동주민센터),골목상권,251393,2209.0,1167.0,348.0,21.0,224315193.0,1.0,3.0,0.0,1.0,0.0,7738976.0,223457152.0,2026Q2,2025Q4
3111086,한영중고,골목상권,441797,2228.0,1013.0,523.0,33.0,186831272.0,0.0,4.0,0.0,0.0,0.0,1157723124.0,216502526.0,2026Q2,2025Q4
3111085,묘곡초등학교(고덕아이파크아파트),골목상권,939338,3842.0,1885.0,845.0,51.0,273414799.0,0.0,5.0,0.0,0.0,0.0,85686148.0,967144024.0,2026Q2,2025Q4
3111084,길동신동아아파트,골목상권,148811,911.0,335.0,106.0,12.0,248023972.0,0.0,2.0,0.0,0.0,,,,2026Q2,2025Q4
3111083,GS강동자이아파트,골목상권,1127312,3031.0,1407.0,405.0,58.0,191884602.0,2.0,4.0,0.0,0.0,0.0,7652532.0,0.0,2026Q2,2025Q4
3111082,중앙보훈병원,골목상권,134104,1040.0,447.0,48.0,14.0,231646595.0,0.0,0.0,0.0,1.0,,,,2026Q2,2025Q4
3111081,둔촌푸르지오아파트,골목상권,191370,227.0,104.0,140.0,6.0,174819444.0,0.0,0.0,0.0,0.0,,,,2026Q2,2025Q4
3111080,굽은다리역 3번,골목상권,572947,2739.0,1202.0,554.0,34.0,194944145.0,0.0,2.0,0.0,0.0,,,,2026Q2,2025Q4
3111079,둔촌고등학교(둔촌중학교),골목상권,508579,2201.0,1061.0,152.0,39.0,213077855.0,0.0,1.0,0.0,1.0,,,,2026Q2,2025Q4
3111078,굽은다리역 4번,골목상권,3394115,8826.0,4333.0,1965.0,150.0,185198263.0,5.0,10.0,0.0,3.0,13857455.0,514608783.0,543957287.0,2026Q2,2025Q4
3111077,길동주민센터(강동도서관),골목상권,3628539,10922.0,5246.0,1820.0,195.0,200456473.0,2.0,9.0,0.0,0.0,0.0,325093266.0,709744204.0,2026Q2,2025Q4
3111076,둔촌2동주민센터,골목상권,310266,1791.0,859.0,481.0,32.0,206766783.0,1.0,2.0,1.0,0.0,0.0,10155976.0,0.0,2026Q2,2025Q4
3111075,굽은다리역 2번,골목상권,1306257,4041.0,2006.0,304.0,81.0,202574833.0,1.0,3.0,0.0,1.0,0.0,3964126.0,517757996.0,2026Q2,2025Q4
3111074,명일역 1번,골목상권,483692,2134.0,913.0,226.0,48.0,197182089.0,1.0,6.0,0.0,0.0,0.0,131759973.0,0.0,2026Q2,2025Q4
3111073,둔촌동역 1번(한산중학교),골목상권,2692945,6712.0,3219.0,1392.0,145.0,211023792.0,1.0,7.0,0.0,2.0,0.0,407244686.0,860335727.0,2026Q2,2025Q4
3111072,굽은다리역 1번(십자성마을),골목상권,1847960,6930.0,3145.0,445.0,141.0,207267883.0,1.0,3.0,0.0,0.0,0.0,645090949.0,423288064.0,2026Q2,2025Q4
3111071,천동초등학교,골목상권,447104,1204.0,539.0,64.0,34.0,189084835.0,0.0,4.0,0.0,0.0,0.0,151229348.0,0.0,2026Q2,2025Q4
3111070,천호초등학교,골목상권,1769396,2624.0,1347.0,111.0,60.0,204480607.0,1.0,1.0,0.0,0.0,0.0,0.0,242686487.0,2026Q2,2025Q4
3111069,천호1동주민센터,골목상권,2267375,4745.0,2629.0,259.0,83.0,182998627.0,0.0,4.0,0.0,0.0,0.0,35553802.0,367212778.0,2026Q2,2025Q4
3111068,강동성심병원,골목상권,130680,345.0,171.0,1023.0,1.0,535166667.0,0.0,0.0,0.0,1.0,,,,2026Q2,2025Q4
3111067,강동구립성내도서관,골목상권,2364800,9091.0,4555.0,605.0,229.0,202933185.0,3.0,6.0,2.0,0.0,0.0,257467536.0,440007988.0,2026Q2,2025Q4
3111066,암사동성당(효정하나플러스아파트),골목상권,2030341,5496.0,2751.0,553.0,143.0,181382809.0,3.0,1.0,0.0,1.0,0.0,0.0,107219181.0,2026Q2,2025Q4
3111065,천일초등학교,골목상권,472598,2655.0,1457.0,108.0,51.0,198050239.0,1.0,1.0,0.0,0.0,,,,2026Q2,2025Q4
3111064,둔촌동역 4번,골목상권,434122,2638.0,1208.0,170.0,47.0,198023177.0,2.0,0.0,0.0,0.0,,,,2026Q2,2025Q4
3111063,강동구립 천호도서관,골목상권,1487086,6069.0,3894.0,215.0,53.0,191017215.0,0.0,0.0,0.0,1.0,0.0,0.0,708431105.0,2026Q2,2025Q4
3111062,둔촌동역 3번(성내3동주민센터),골목상권,918358,3542.0,1465.0,503.0,60.0,255643387.0,1.0,6.0,0.0,0.0,,,,2026Q2,2025Q4
3111061,암사역 1번,골목상권,2528911,8738.0,4401.0,801.0,191.0,175069947.0,0.0,4.0,0.0,2.0,0.0,191731231.0,593669567.0,2026Q2,2025Q4
3111060,암사역 2번(서울강동초등학교),골목상권,3405023,9283.0,4588.0,471.0,191.0,192511716.0,0.0,8.0,2.0,2.0,0.0,127107563.0,276059858.0,2026Q2,2025Q4
3111059,강동역 4번(강풀만화거리),골목상권,3277886,10207.0,5520.0,830.0,182.0,198612445.0,2.0,10.0,2.0,0.0,0.0,566406721.0,161055297.0,2026Q2,2025Q4
3111058,성내중학교,골목상권,390159,1472.0,721.0,685.0,56.0,183174806.0,0.0,2.0,0.0,0.0,,,,2026Q2,2025Q4
3111057,천호공원(해공체육문화센터),골목상권,812938,4166.0,2248.0,170.0,58.0,222531571.0,0.0,1.0,0.0,0.0,,,,2026Q2,2025Q4
3111056,천호태영아파트,골목상권,388494,1482.0,1283.0,265.0,4.0,139204545.0,0.0,0.0,1.0,1.0,0.0,0.0,238418131.0,2026Q2,2025Q4
3111055,선사초등학교,골목상권,30377,79.0,50.0,209.0,3.0,127612121.0,0.0,2.0,0.0,0.0,,,,2026Q2,2025Q4
3111054,암사역 4번(삼성광나루아파트),골목상권,180305,411.0,225.0,195.0,16.0,158461768.0,1.0,1.0,0.0,0.0,,,,2026Q2,2025Q4
3111053,성내천어린이공원(하니사랑길),골목상권,986860,4579.0,1848.0,2412.0,101.0,287822406.0,1.0,3.0,0.0,1.0,0.0,2069232574.0,285644597.0,2026Q2,2025Q4
3111052,암사역 3번(천호동자전거거리),골목상권,1081734,5828.0,2785.0,440.0,110.0,214361462.0,1.0,5.0,2.0,3.0,0.0,852237381.0,189018820.0,2026Q2,2025Q4
3111051,천호역 6번,골목상권,2448537,7463.0,4760.0,447.0,85.0,196295128.0,1.0,3.0,0.0,0.0,0.0,38855888.0,0.0,2026Q2,2025Q4
3111050,강동구청(강동구청역 2번),골목상권,313771,957.0,423.0,485.0,21.0,204391370.0,0.0,2.0,0.0,1.0,,,,2026Q2,2025Q4
3111049,천호지구대(천호동자전거거리),골목상권,1231295,3903.0,2058.0,247.0,102.0,219604237.0,1.0,7.0,1.0,0.0,0.0,1530423075.0,0.0,2026Q2,2025Q4
3111048,천호역 1번(천호문구완구거리),골목상권,1044155,2168.0,1287.0,107.0,17.0,202783374.0,0.0,0.0,0.0,0.0,,,,2026Q2,2025Q4
3111047,마천1치안센터,골목상권,437605,2320.0,1280.0,102.0,37.0,328091570.0,1.0,3.0,0.0,2.0,0.0,488789404.0,62216059.0,2026Q2,2025Q4
3111046,마천역(마천초등학교),골목상권,1403977,7715.0,3958.0,782.0,106.0,333458542.0,1.0,2.0,0.0,5.0,0.0,0.0,266335150.0,2026Q2,2025Q4
3111045,개미어린이공원,골목상권,230117,1994.0,1063.0,93.0,36.0,370989926.0,1.0,0.0,0.0,0.0,,,,2026Q2,2025Q4
3111044,남천초등학교,골목상권,1148340,4532.0,2401.0,563.0,83.0,224426337.0,0.0,2.0,1.0,1.0,0.0,63528037.0,253507992.0,2026Q2,2025Q4
3111043,마천공원,골목상권,509647,2860.0,1307.0,170.0,84.0,173534312.0,0.0,0.0,0.0,1.0,,,,2026Q2,2025Q4
3111042,거여역 1번(거여공원),골목상권,2069402,5261.0,2651.0,1845.0,88.0,209735898.0,2.0,2.0,0.0,0.0,0.0,0.0,320960724.0,2026Q2,2025Q4
3111041,거여역 8번,골목상권,128022,559.0,252.0,143.0,2.0,366166667.0,,,,,,,,2026Q2,2025Q4
3111040,거여초등학교,골목상권,552451,2370.0,1042.0,578.0,71.0,205019519.0,1.0,1.0,0.0,0.0,,,,2026Q2,2025Q4
3111039,벌말어린이공원,골목상권,704581,1935.0,930.0,810.0,40.0,208728220.0,0.0,3.0,2.0,0.0,0.0,118725926.0,0.0,2026Q2,2025Q4
3111038,보인중학교,골목상권,1008395,2404.0,1063.0,2429.0,91.0,196544987.0,2.0,15.0,0.0,0.0,0.0,968621779.0,0.0,2026Q2,2025Q4
3111037,Sh수협은행 오금동금융센터(아랫말어린이공원),골목상권,202160,492.0,243.0,402.0,9.0,208885209.0,0.0,5.0,1.0,0.0,0.0,29627152.0,0.0,2026Q2,2025Q4
3111036,투구봉어린이공원,골목상권,231203,1213.0,564.0,449.0,48.0,208837288.0,0.0,1.0,2.0,0.0,,,,2026Q2,2025Q4
3111035,오금공원(오주중학교),골목상권,728307,3693.0,1709.0,1085.0,126.0,212553517.0,1.0,6.0,0.0,1.0,0.0,341519463.0,0.0,2026Q2,2025Q4
3111034,오동나무공원(송파레미니스1단지),골목상권,810117,4926.0,2127.0,2421.0,99.0,231298722.0,0.0,2.0,0.0,0.0,0.0,115105140.0,356196451.0,2026Q2,2025Q4
3111033,문정동성당,골목상권,123149,598.0,297.0,256.0,17.0,198555996.0,1.0,0.0,0.0,0.0,,,,2026Q2,2025Q4
3111032,방이역 1번,골목상권,515397,1644.0,638.0,5922.0,24.0,329228190.0,2.0,1.0,2.0,6.0,0.0,558162915.0,212784046.0,2026Q2,2025Q4
3111031,장지동주민센터(한림연예예술고교),골목상권,710065,3607.0,1655.0,1816.0,103.0,229659938.0,1.0,5.0,0.0,0.0,0.0,254726695.0,249134959.0,2026Q2,2025Q4
3111030,방이역 2번,골목상권,951075,1743.0,814.0,4814.0,51.0,221235068.0,0.0,2.0,0.0,0.0,,,,2026Q2,2025Q4
3111029,오금역 4번,골목상권,188216,1159.0,582.0,738.0,19.0,232451797.0,4.0,6.0,1.0,0.0,90662150.0,563947160.0,0.0,2026Q2,2025Q4
3111028,문현중학교(장지역 1번),골목상권,622041,1728.0,935.0,780.0,52.0,199831511.0,2.0,4.0,0.0,2.0,0.0,1015398328.0,152323532.0,2026Q2,2025Q4
3111027,문정초등학교,골목상권,898078,5231.0,2583.0,5720.0,168.0,230178071.0,3.0,6.0,0.0,2.0,70323825.0,1054202594.0,242641815.0,2026Q2,2025Q4
3111026,문정역 2번,골목상권,1013380,4415.0,2034.0,5581.0,117.0,241933701.0,3.0,6.0,0.0,2.0,0.0,105707644.0,141108621.0,2026Q2,2025Q4
3111025,경찰병원역 3번,골목상권,896755,2798.0,1502.0,404.0,116.0,204497043.0,0.0,1.0,0.0,0.0,,,,2026Q2,2025Q4
3111024,경찰병원역 4번(건너말공원),골목상권,337966,1398.0,716.0,564.0,48.0,224703244.0,2.0,1.0,0.0,1.0,0.0,0.0,122477769.0,2026Q2,2025Q4
3111023,문정역 1번,골목상권,776078,1853.0,1017.0,5173.0,69.0,205538645.0,0.0,2.0,0.0,0.0,0.0,0.0,857718025.0,2026Q2,2025Q4
3111022,석촌중학교(방이육교),골목상권,382677,2533.0,1202.0,888.0,89.0,242215589.0,0.0,0.0,0.0,0.0,,,,2026Q2,2025Q4
3111021,방이역 4번,골목상권,2512968,9222.0,4013.0,4665.0,269.0,287426648.0,2.0,11.0,1.0,2.0,26366666.0,2728726230.0,611393688.0,2026Q2,2025Q4
3111020,방이동고분군(방산고등학교),골목상권,302598,648.0,275.0,546.0,10.0,291591180.0,0.0,3.0,0.0,0.0,0.0,23127000.0,0.0,2026Q2,2025Q4
3111019,한성백제역 3번,골목상권,1148593,8124.0,3800.0,2218.0,264.0,261973037.0,2.0,1.0,0.0,1.0,0.0,0.0,189166018.0,2026Q2,2025Q4
3111018,풍납초등학교(풍납백제문화공원),골목상권,118743,626.0,277.0,84.0,8.0,203472173.0,0.0,1.0,0.0,0.0,,,,2026Q2,2025Q4
3111017,송파나루역 3번,골목상권,222340,884.0,465.0,712.0,39.0,227141265.0,1.0,0.0,0.0,0.0,,,,2026Q2,2025Q4
3111016,송파역 2번,골목상권,727387,3028.0,1404.0,3278.0,102.0,243051831.0,0.0,1.0,2.0,2.0,0.0,0.0,186325728.0,2026Q2,2025Q4
3111015,석촌역 3번,골목상권,1641590,9794.0,5291.0,1249.0,343.0,216869365.0,1.0,4.0,0.0,5.0,0.0,709973116.0,661709207.0,2026Q2,2025Q4
3111014,송파나루역 2번,골목상권,581612,2938.0,1646.0,714.0,105.0,222406807.0,0.0,0.0,1.0,0.0,,,,2026Q2,2025Q4
3111013,송파나루역 1번(송리단길),골목상권,2306514,8062.0,4427.0,4799.0,300.0,229555698.0,2.0,3.0,1.0,2.0,0.0,101714432.0,539518246.0,2026Q2,2025Q4
3111012,석촌역 6번,골목상권,932972,5531.0,2958.0,536.0,219.0,235209489.0,1.0,1.0,0.0,0.0,0.0,0.0,182611731.0,2026Q2,2025Q4
3111011,잠실나루역,골목상권,36195,315.0,104.0,4438.0,1.0,1440666667.0,0.0,0.0,0.0,1.0,0.0,0.0,919056177.0,2026Q2,2025Q4
3111010,석촌역 7번,골목상권,1680558,8807.0,5111.0,1639.0,381.0,218010988.0,1.0,2.0,0.0,4.0,0.0,0.0,320234552.0,2026Q2,2025Q4
3111009,송파책박물관,골목상권,221149,948.0,464.0,236.0,35.0,239803970.0,0.0,4.0,0.0,0.0,0.0,133734250.0,0.0,2026Q2,2025Q4
3111008,석촌고분역 3번,골목상권,532711,4565.0,2305.0,481.0,160.0,235376738.0,3.0,4.0,3.0,2.0,37388371.0,450644887.0,193759038.0,2026Q2,2025Q4
3111007,석촌고분역 4번,골목상권,1064020,7851.0,4221.0,875.0,328.0,209891820.0,4.0,5.0,0.0,2.0,5511057.0,151251350.0,613322693.0,2026Q2,2025Q4
3111006,석촌고분역 1번,골목상권,1927279,8215.0,4591.0,1249.0,323.0,200044168.0,2.0,4.0,2.0,2.0,0.0,113434656.0,846174538.0,2026Q2,2025Q4
3111005,삼전역 3번,골목상권,1411628,7892.0,4191.0,892.0,285.0,211804809.0,1.0,6.0,0.0,2.0,0.0,1260514582.0,97007126.0,2026Q2,2025Q4
3111004,삼전역 1번,골목상권,2084999,9326.0,5597.0,2313.0,290.0,219525526.0,1.0,4.0,1.0,4.0,0.0,465719318.0,1326795578.0,2026Q2,2025Q4
3111003,삼전역 4번,골목상권,2191422,10282.0,5465.0,2463.0,389.0,227531287.0,4.0,14.0,4.0,3.0,325531934.0,3191664071.0,1090036225.0,2026Q2,2025Q4
3111001,아래방죽마을공원(율현초등학교),골목상권,90196,1604.0,778.0,66.0,10.0,724038182.0,0.0,0.0,1.0,1.0,,,,2026Q2,2025Q4
3111000,대왕초등학교(세곡동사거리서남측),골목상권,71018,358.0,173.0,19.0,,,1.0,2.0,0.0,0.0,,,,2026Q2,2025Q4
3110999,윗방죽마을공원,골목상권,146770,3201.0,2456.0,99.0,3.0,383312121.0,0.0,0.0,0.0,1.0,0.0,0.0,1831397962.0,2026Q2,2025Q4
3110998,은곡마을(은곡마을공원),골목상권,65648,572.0,311.0,93.0,,,0.0,0.0,0.0,1.0,,,,2026Q2,2025Q4
3110997,대청초등학교,골목상권,1734020,6706.0,3454.0,1822.0,137.0,328701655.0,3.0,10.0,1.0,1.0,36881069.0,571337915.0,1138427608.0,2026Q2,2025Q4
3110996,대치2동주민센터,골목상권,819547,3162.0,1135.0,1505.0,20.0,647400253.0,1.0,2.0,0.0,0.0,,,,2026Q2,2025Q4
3110995,봉은사역 4번,골목상권,541863,2322.0,923.0,2937.0,64.0,1000560724.0,0.0,2.0,0.0,1.0,0.0,0.0,251151095.0,2026Q2,2025Q4
3110994,개포고등학교,골목상권,585074,1512.0,705.0,3211.0,51.0,377279308.0,0.0,1.0,0.0,2.0,0.0,0.0,651825301.0,2026Q2,2025Q4
3110993,개포지하차도 북측,골목상권,47415,221.0,115.0,3433.0,14.0,273690646.0,0.0,0.0,0.0,0.0,,,,2026Q2,2025Q4
3110992,도곡초등학교,골목상권,2176192,7091.0,3413.0,1383.0,198.0,317559814.0,0.0,1.0,0.0,5.0,0.0,0.0,942547144.0,2026Q2,2025Q4
3110991,삼성중앙역 5번,골목상권,204499,318.0,152.0,2236.0,2.0,1300625000.0,0.0,0.0,0.0,1.0,,,,2026Q2,2025Q4
3110990,청담역 12번,골목상권,36081,144.0,73.0,369.0,6.0,398449735.0,,,,,,,,2026Q2,2025Q4
3110989,대치동아우편취급국,골목상권,654564,1362.0,834.0,1431.0,52.0,274361140.0,0.0,0.0,0.0,0.0,,,,2026Q2,2025Q4
3110988,청담역 3번,골목상권,110514,1158.0,438.0,863.0,19.0,1424272153.0,,,,,,,,2026Q2,2025Q4
3110987,영동대교남단,골목상권,384328,512.0,198.0,332.0,10.0,2091562810.0,,,,,,,,2026Q2,2025Q4
3110986,삼성중앙역 7번,골목상권,221327,693.0,406.0,291.0,20.0,307300958.0,,,,,,,,2026Q2,2025Q4
3110985,청담근린공원,골목상권,268028,820.0,391.0,931.0,27.0,849804170.0,0.0,0.0,0.0,1.0,,,,2026Q2,2025Q4
3110984,포이초등학교(개포목련어린이공원),골목상권,875895,3985.0,1890.0,1589.0,101.0,284748311.0,4.0,6.0,1.0,1.0,0.0,78655017.0,0.0,2026Q2,2025Q4
3110983,국립국악고등학교,골목상권,427396,2490.0,1190.0,621.0,64.0,293864082.0,5.0,6.0,0.0,0.0,161592357.0,15591802.0,0.0,2026Q2,2025Q4
3110982,강남구보훈회관,골목상권,324640,759.0,391.0,364.0,20.0,279321429.0,0.0,1.0,0.0,0.0,,,,2026Q2,2025Q4
3110981,국악고교사거리,골목상권,520244,1962.0,912.0,899.0,54.0,290597091.0,1.0,4.0,0.0,0.0,0.0,258767161.0,0.0,2026Q2,2025Q4
3110980,개포지구대옆,골목상권,521192,2423.0,1114.0,576.0,70.0,316725935.0,1.0,1.0,0.0,0.0,,,,2026Q2,2025Q4
3110979,청담초등학교,골목상권,258721,1103.0,379.0,759.0,27.0,2356767764.0,,,,,,,,2026Q2,2025Q4
3110978,도곡2동주민센터(대치중학교),골목상권,10691,384.0,220.0,1943.0,,,,,,,,,,2026Q2,2025Q4
3110977,논현로18길,골목상권,94688,629.0,314.0,144.0,16.0,261399777.0,0.0,0.0,0.0,1.0,0.0,0.0,133591455.0,2026Q2,2025Q4
3110976,언북초등학교,골목상권,588349,1808.0,1044.0,1088.0,45.0,460762297.0,0.0,0.0,0.0,1.0,,,,2026Q2,2025Q4
3110975,매봉역 1번,골목상권,392832,819.0,344.0,1446.0,24.0,902987820.0,1.0,2.0,0.0,0.0,,,,2026Q2,2025Q4
3110974,언주중학교,골목상권,578832,1412.0,772.0,793.0,57.0,383736185.0,0.0,0.0,0.0,0.0,,,,2026Q2,2025Q4
3110973,강남구청역 4번,골목상권,1007339,2119.0,896.0,2762.0,29.0,618902879.0,1.0,0.0,0.0,0.0,,,,2026Q2,2025Q4
3110972,강남세브란스병원미래의학연구센터,골목상권,278334,1840.0,989.0,280.0,55.0,303307529.0,0.0,0.0,0.0,1.0,,,,2026Q2,2025Q4
3110971,선정릉역 4번,골목상권,627887,3648.0,2459.0,2179.0,127.0,269794935.0,1.0,0.0,0.0,2.0,0.0,0.0,976348983.0,2026Q2,2025Q4
3110970,학동초등학교,골목상권,281770,958.0,539.0,1478.0,31.0,476026318.0,0.0,0.0,0.0,0.0,,,,2026Q2,2025Q4
3110969,베르사이유1아파트,골목상권,928041,1208.0,737.0,1707.0,30.0,396377526.0,,,,,,,,2026Q2,2025Q4
3110968,강남구청역 2번,골목상권,215440,495.0,282.0,1088.0,11.0,462098467.0,,,,,,,,2026Q2,2025Q4
3110967,역삼역 8번,골목상권,620206,1150.0,777.0,862.0,30.0,269328768.0,2.0,2.0,0.0,1.0,0.0,17752586.0,0.0,2026Q2,2025Q4
3110966,논현2동주민센터,골목상권,1500997,2577.0,1464.0,2153.0,50.0,364402413.0,1.0,1.0,1.0,0.0,,,,2026Q2,2025Q4
3110965,언주역 6번,골목상권,861352,2202.0,1513.0,1342.0,62.0,246875585.0,1.0,1.0,0.0,1.0,,,,2026Q2,2025Q4
3110964,싸리고개근린공원,골목상권,271082,567.0,224.0,332.0,12.0,710629371.0,0.0,0.0,0.0,0.0,,,,2026Q2,2025Q4
3110963,역삼월드메르디앙아파트,골목상권,275444,1645.0,843.0,501.0,45.0,379588083.0,0.0,1.0,0.0,0.0,,,,2026Q2,2025Q4
3110962,도산공원북측,골목상권,80520,38.0,22.0,440.0,,,,,,,,,,2026Q2,2025Q4
3110961,언주역 3번,골목상권,1490355,1926.0,1209.0,1286.0,47.0,359594973.0,0.0,1.0,0.0,1.0,,,,2026Q2,2025Q4
3110960,은광여고,골목상권,138505,724.0,448.0,556.0,18.0,485127258.0,0.0,1.0,0.0,1.0,,,,2026Q2,2025Q4
3110959,신구중학교,골목상권,122664,322.0,159.0,689.0,2.0,1183291667.0,0.0,0.0,0.0,0.0,,,,2026Q2,2025Q4
3110958,역삼역 4번,골목상권,637318,742.0,474.0,1181.0,22.0,331521188.0,0.0,0.0,0.0,0.0,,,,2026Q2,2025Q4
3110957,언북중학교,골목상권,969776,1474.0,927.0,2925.0,45.0,348915067.0,0.0,1.0,0.0,0.0,,,,2026Q2,2025Q4
3110956,언주역 8번,골목상권,448395,409.0,261.0,1131.0,3.0,856283333.0,0.0,0.0,0.0,0.0,,,,2026Q2,2025Q4
3110955,논현초등학교,골목상권,2305034,6172.0,4006.0,1873.0,175.0,276578841.0,4.0,2.0,0.0,1.0,0.0,0.0,952996212.0,2026Q2,2025Q4
3110954,국기원,골목상권,538860,359.0,252.0,645.0,3.0,192214646.0,,,,,,,,2026Q2,2025Q4
3110953,학동근린공원,골목상권,441286,1043.0,479.0,1573.0,28.0,850439794.0,,,,,,,,2026Q2,2025Q4
3110952,논현목련공원,골목상권,237352,808.0,551.0,226.0,25.0,254921270.0,0.0,0.0,0.0,1.0,,,,2026Q2,2025Q4
3110951,신사은행나무공원,골목상권,440015,798.0,479.0,590.0,15.0,266678930.0,0.0,0.0,0.0,0.0,,,,2026Q2,2025Q4
3110950,논현역 7번,골목상권,151926,774.0,306.0,591.0,25.0,1201272294.0,,,,,,,,2026Q2,2025Q4
3110949,한남IC,골목상권,307629,499.0,248.0,1630.0,3.0,622878571.0,0.0,1.0,0.0,0.0,,,,2026Q2,2025Q4
3110948,헌인가구단지,골목상권,271,102.0,28.0,104.0,,,,,,,,,,2026Q2,2025Q4
3110947,청계산입구역 2번(내곡동주민센터),골목상권,12690,325.0,164.0,479.0,1.0,502500000.0,,,,,,,,2026Q2,2025Q4
3110945,본마을노인복지센터(서초구립내곡도서관),골목상권,30708,279.0,137.0,250.0,1.0,485800000.0,,,,,,,,2026Q2,2025Q4
3110944,서울나래학교(염곡어린이공원),골목상권,37461,499.0,233.0,538.0,1.0,1479444444.0,0.0,0.0,0.0,0.0,,,,2026Q2,2025Q4
3110943,법제교육센터(버들어린이공원),골목상권,528421,1526.0,776.0,1410.0,38.0,279986537.0,0.0,5.0,0.0,1.0,0.0,1102554687.0,0.0,2026Q2,2025Q4
3110942,염곡동 구룡사(포이동성당),골목상권,1526820,8203.0,4137.0,2939.0,233.0,298386926.0,2.0,17.0,0.0,3.0,0.0,801672298.0,312169577.0,2026Q2,2025Q4
3110941,언남고등학교,골목상권,162385,817.0,436.0,868.0,16.0,253393876.0,2.0,0.0,0.0,0.0,,,,2026Q2,2025Q4
3110940,양재근린공원(양재2동주민센터),골목상권,416427,967.0,494.0,1454.0,33.0,309843975.0,1.0,2.0,0.0,0.0,,,,2026Q2,2025Q4
3110939,양재역 8번(양재동우체국),골목상권,1827414,5763.0,2987.0,6972.0,132.0,372500705.0,0.0,6.0,2.0,3.0,0.0,9977860.0,478128094.0,2026Q2,2025Q4
3110938,바우뫼공원,골목상권,261509,758.0,408.0,1442.0,23.0,347705346.0,0.0,6.0,0.0,0.0,0.0,510435156.0,0.0,2026Q2,2025Q4
3110937,방아다리근린공원(횃불트리니티신학대학원대학교),골목상권,79800,454.0,181.0,295.0,18.0,1079410553.0,0.0,0.0,0.0,1.0,,,,2026Q2,2025Q4
3110936,더케이호텔(양재리본타워2단지아파트),골목상권,184295,827.0,424.0,1292.0,18.0,386921161.0,0.0,3.0,1.0,0.0,0.0,662482869.0,0.0,2026Q2,2025Q4
3110935,한전아트센터,골목상권,605132,1017.0,466.0,2439.0,15.0,369832020.0,1.0,0.0,0.0,0.0,,,,2026Q2,2025Q4
3110934,우면주공아파트,골목상권,671542,2615.0,1279.0,681.0,59.0,317653286.0,1.0,2.0,1.0,0.0,,,,2026Q2,2025Q4
3110933,한국상담대학원대학교,골목상권,94237,492.0,189.0,440.0,1.0,1098416667.0,1.0,0.0,2.0,0.0,,,,2026Q2,2025Q4
3110932,서울시인재개발원,골목상권,234256,596.0,269.0,1618.0,17.0,375405966.0,,,,,,,,2026Q2,2025Q4
3110931,삼성전자서울R&D(서울우면초등학교),골목상권,34370,134.0,61.0,165.0,2.0,868951515.0,,,,,,,,2026Q2,2025Q4
3110930,서초동성당,골목상권,401603,1935.0,852.0,4767.0,16.0,533334967.0,2.0,0.0,0.0,0.0,,,,2026Q2,2025Q4
3110929,남부터미널역 1번,골목상권,1517589,4288.0,1873.0,4151.0,61.0,491339968.0,2.0,5.0,2.0,0.0,0.0,10660297.0,0.0,2026Q2,2025Q4
3110928,서초우방유쉘아파트,골목상권,226822,522.0,304.0,380.0,9.0,593002525.0,,,,,,,,2026Q2,2025Q4
3110927,잠원역,골목상권,352149,209.0,113.0,152.0,4.0,562674405.0,,,,,,,,2026Q2,2025Q4
3110926,신중초등학교,골목상권,908949,3582.0,1586.0,765.0,90.0,404839805.0,1.0,2.0,0.0,2.0,0.0,0.0,407071296.0,2026Q2,2025Q4
3110925,서초중학교,골목상권,703753,2932.0,1278.0,424.0,72.0,417924564.0,1.0,0.0,0.0,0.0,,,,2026Q2,2025Q4
3110924,반포4동주민센터(몽마르뜨공원),골목상권,371607,2402.0,1066.0,1237.0,71.0,663955706.0,0.0,0.0,0.0,2.0,,,,2026Q2,2025Q4
3110923,방배역 1번,골목상권,63399,448.0,177.0,272.0,13.0,558411328.0,,,,,,,,2026Q2,2025Q4
3110922,내방역 1번,골목상권,785721,2682.0,1261.0,568.0,68.0,399392982.0,0.0,0.0,0.0,0.0,,,,2026Q2,2025Q4
3110921,서울프랑스학교,골목상권,471715,1121.0,452.0,952.0,42.0,597367525.0,0.0,0.0,0.0,0.0,,,,2026Q2,2025Q4
3110920,방배역 2번(백석예술대학교),골목상권,51476,136.0,59.0,1318.0,7.0,348525510.0,0.0,0.0,0.0,0.0,,,,2026Q2,2025Q4
3110919,내방역 8번,골목상권,590024,3023.0,1198.0,1021.0,82.0,612781835.0,1.0,0.0,0.0,0.0,,,,2026Q2,2025Q4
3110918,방배역 3번,골목상권,937264,2813.0,1256.0,916.0,85.0,329896581.0,0.0,0.0,0.0,0.0,0.0,0.0,616304883.0,2026Q2,2025Q4
3110917,서초소방서,골목상권,43142,873.0,338.0,2855.0,32.0,919113592.0,1.0,1.0,0.0,1.0,,,,2026Q2,2025Q4
3110916,내방역 4번,골목상권,565909,3818.0,1831.0,5214.0,106.0,317753233.0,1.0,2.0,0.0,1.0,,,,2026Q2,2025Q4
3110915,서래초등학교,골목상권,142278,1468.0,559.0,1227.0,54.0,1147268720.0,,,,,,,,2026Q2,2025Q4
3110914,내방역 6번,골목상권,410795,351.0,147.0,409.0,7.0,385389734.0,,,,,,,,2026Q2,2025Q4
3110913,방현초등학교(방배119안전센터),골목상권,589916,706.0,279.0,5183.0,133.0,630803646.0,0.0,2.0,0.0,1.0,,,,2026Q2,2025Q4
3110912,방배동사이길,골목상권,131949,293.0,135.0,2199.0,4.0,303541667.0,0.0,1.0,0.0,0.0,,,,2026Q2,2025Q4
3110911,방배배수지체육공원,골목상권,10546,120.0,75.0,1274.0,,,,,,,,,,2026Q2,2025Q4
3110910,내방역 5번,골목상권,604866,2250.0,1129.0,1361.0,106.0,284495987.0,2.0,3.0,0.0,0.0,,,,2026Q2,2025Q4
3110909,남태령역(서울전자고등학교),골목상권,42626,739.0,348.0,450.0,7.0,434464286.0,3.0,1.0,2.0,0.0,30000000.0,0.0,0.0,2026Q2,2025Q4
3110908,구반포역,골목상권,31209,117.0,44.0,5670.0,2.0,1618833333.0,,,,,,,,2026Q2,2025Q4
3110907,방배초등학교,골목상권,789979,3402.0,1451.0,2680.0,89.0,335444948.0,3.0,5.0,0.0,0.0,198509395.0,463292678.0,0.0,2026Q2,2025Q4
3110906,서문여고,골목상권,321553,1172.0,500.0,854.0,20.0,354392193.0,0.0,1.0,0.0,0.0,,,,2026Q2,2025Q4
3110905,방배노인종합복지관(이수중학교),골목상권,422099,3545.0,1612.0,360.0,98.0,471572784.0,0.0,1.0,0.0,0.0,,,,2026Q2,2025Q4
3110904,이수역 5번,골목상권,256763,981.0,482.0,1244.0,19.0,385981984.0,1.0,3.0,0.0,5.0,0.0,0.0,105827212.0,2026Q2,2025Q4
3110903,방배아이파크아파트,골목상권,1101780,3853.0,1622.0,2902.0,64.0,384023047.0,1.0,3.0,0.0,1.0,0.0,643285396.0,256743768.0,2026Q2,2025Q4
3110902,사당역 4번,골목상권,2060651,9406.0,5592.0,1640.0,166.0,272354937.0,1.0,2.0,0.0,3.0,0.0,0.0,807666909.0,2026Q2,2025Q4
3110901,인헌고등학교(인헌중학교),골목상권,1215712,4778.0,2599.0,362.0,127.0,160106464.0,0.0,0.0,0.0,2.0,,,,2026Q2,2025Q4
3110900,낙성대역 1번(관악구민 종합체육센터),골목상권,1337056,6463.0,4472.0,817.0,124.0,149322976.0,0.0,0.0,0.0,1.0,0.0,0.0,504083523.0,2026Q2,2025Q4
3110899,낙성대역 5번(관악중학교),골목상권,872989,3150.0,2409.0,689.0,31.0,151867860.0,0.0,0.0,0.0,0.0,,,,2026Q2,2025Q4
3110898,청림동주민센터(상도중학교),골목상권,424462,2252.0,1013.0,344.0,14.0,338979167.0,1.0,1.0,0.0,0.0,,,,2026Q2,2025Q4
3110897,서울대입구역 8번,골목상권,1533647,4994.0,3443.0,422.0,45.0,168676606.0,1.0,0.0,0.0,1.0,0.0,0.0,124092721.0,2026Q2,2025Q4
3110896,관악우성아파트,골목상권,204172,193.0,118.0,389.0,1.0,229181818.0,0.0,0.0,1.0,0.0,,,,2026Q2,2025Q4
3110895,샤로수길,골목상권,3790313,8435.0,5758.0,3561.0,89.0,207322821.0,0.0,4.0,0.0,1.0,0.0,188801413.0,542430174.0,2026Q2,2025Q4
3110894,관악동부센트레빌아파트(은천로35라길),골목상권,207706,1527.0,793.0,60.0,50.0,152581055.0,,,,,,,,2026Q2,2025Q4
3110893,관악소방서(문영여고),골목상권,83594,296.0,198.0,527.0,5.0,220803788.0,,,,,,,,2026Q2,2025Q4
3110892,관악구 중앙길,골목상권,4067344,11540.0,7403.0,431.0,146.0,185948106.0,2.0,5.0,0.0,5.0,0.0,536277885.0,1367824701.0,2026Q2,2025Q4
3110891,구암초등학교,골목상권,291763,768.0,374.0,1287.0,23.0,345767316.0,0.0,0.0,0.0,1.0,,,,2026Q2,2025Q4
3110890,봉천역 1번(관악초등학교),골목상권,1195992,3453.0,2740.0,624.0,27.0,172051868.0,0.0,1.0,0.0,2.0,0.0,0.0,314856776.0,2026Q2,2025Q4
3110889,봉천역 6번,골목상권,309107,2252.0,1379.0,222.0,31.0,163303613.0,0.0,0.0,0.0,1.0,,,,2026Q2,2025Q4
3110888,청룡동주민센터,골목상권,702073,1182.0,836.0,245.0,7.0,160294246.0,0.0,2.0,0.0,0.0,0.0,180381790.0,0.0,2026Q2,2025Q4
3110887,서울산업정보학교(서울삼성초등학교),골목상권,456058,2079.0,1592.0,44.0,12.0,194832547.0,1.0,1.0,0.0,0.0,,,,2026Q2,2025Q4
3110886,관악해태어린이공원,골목상권,1187482,3758.0,3146.0,237.0,17.0,141333093.0,0.0,1.0,0.0,2.0,0.0,0.0,805247013.0,2026Q2,2025Q4
3110885,영락고등학교,골목상권,1274667,5568.0,3520.0,367.0,78.0,140895028.0,2.0,1.0,0.0,2.0,0.0,0.0,409579750.0,2026Q2,2025Q4
3110884,봉천역 4번(봉천110안전센터),골목상권,761639,1313.0,880.0,581.0,5.0,217404848.0,1.0,2.0,0.0,0.0,0.0,120549882.0,0.0,2026Q2,2025Q4
3110883,은천초등학교(은천교앞),골목상권,1212981,4669.0,2826.0,228.0,56.0,163682701.0,0.0,3.0,0.0,1.0,,,,2026Q2,2025Q4
3110882,신성초등학교,골목상권,1690065,5294.0,3848.0,666.0,50.0,121817994.0,1.0,1.0,3.0,2.0,0.0,0.0,575461.0,2026Q2,2025Q4
3110881,구립대학경로당(관악산샘말공원),골목상권,4588809,10870.0,8750.0,226.0,39.0,151602109.0,2.0,0.0,0.0,5.0,0.0,0.0,1412915221.0,2026Q2,2025Q4
3110880,신림역 1번,골목상권,329958,1428.0,1044.0,438.0,17.0,158804143.0,0.0,0.0,0.0,0.0,,,,2026Q2,2025Q4
3110879,신림현대아파트,골목상권,281925,1378.0,914.0,468.0,4.0,183762698.0,0.0,1.0,0.0,0.0,0.0,0.0,261941945.0,2026Q2,2025Q4
3110878,미림여고,골목상권,412479,1686.0,787.0,97.0,47.0,141150973.0,0.0,1.0,0.0,0.0,,,,2026Q2,2025Q4
3110877,신림역 8번,골목상권,1547250,3766.0,3192.0,557.0,31.0,143480539.0,0.0,6.0,0.0,0.0,0.0,1280311737.0,569339345.0,2026Q2,2025Q4
3110876,서원동주민센터(신관중학교),골목상권,476893,2551.0,1878.0,120.0,34.0,133225440.0,0.0,0.0,1.0,0.0,,,,2026Q2,2025Q4
3110875,보라매동주민센터(당곡고등학교),골목상권,173159,2972.0,1778.0,105.0,53.0,179394946.0,0.0,0.0,0.0,0.0,,,,2026Q2,2025Q4
3110874,원신초등학교(구세군관악영문교회),골목상권,1965436,2227.0,1364.0,193.0,8.0,255406250.0,0.0,1.0,0.0,0.0,,,,2026Q2,2025Q4
3110873,당곡중학교,골목상권,911528,4611.0,2634.0,281.0,59.0,177854339.0,1.0,1.0,1.0,0.0,0.0,0.0,589240796.0,2026Q2,2025Q4
3110872,신림초등학교,골목상권,588750,2531.0,1564.0,44.0,38.0,101085208.0,0.0,1.0,0.0,1.0,,,,2026Q2,2025Q4
3110871,신원동주민센터,골목상권,682533,2046.0,1343.0,76.0,11.0,156143113.0,0.0,1.0,0.0,0.0,0.0,0.0,313412331.0,2026Q2,2025Q4
3110870,신림주공2단지(광신고등학교),골목상권,328848,1915.0,923.0,64.0,7.0,222107143.0,,,,,,,,2026Q2,2025Q4
3110869,"신림역 5번(신림동주민센터, 신림동별빛거리)",골목상권,4280315,11445.0,9357.0,218.0,96.0,151973695.0,2.0,1.0,0.0,2.0,0.0,0.0,1745531830.0,2026Q2,2025Q4
3110868,남부초등학교,골목상권,658463,2966.0,1868.0,382.0,41.0,168638022.0,0.0,4.0,0.0,1.0,0.0,626358803.0,0.0,2026Q2,2025Q4
3110867,국제신학대학원대학교(남서울중학교),골목상권,1103357,3559.0,2500.0,274.0,35.0,148362593.0,0.0,0.0,0.0,1.0,0.0,0.0,657385028.0,2026Q2,2025Q4
3110866,난우중학교,골목상권,1041221,4564.0,2429.0,249.0,51.0,151556353.0,1.0,5.0,0.0,0.0,0.0,1306081856.0,310882881.0,2026Q2,2025Q4
3110865,남강고등학교(남강중학교),골목상권,2087688,8106.0,4067.0,548.0,192.0,138434982.0,1.0,0.0,1.0,1.0,0.0,0.0,933281111.0,2026Q2,2025Q4
3110864,신림우방아파트,골목상권,1392888,4884.0,3151.0,239.0,36.0,184321310.0,0.0,2.0,0.0,1.0,0.0,36020558.0,918102143.0,2026Q2,2025Q4
3110863,난우초등학교,골목상권,661760,3715.0,1828.0,581.0,71.0,142716055.0,1.0,4.0,0.0,1.0,0.0,251190599.0,0.0,2026Q2,2025Q4
3110862,난곡초등학교(난곡동벽화마을),골목상권,483915,2292.0,1224.0,226.0,42.0,150270846.0,1.0,0.0,0.0,3.0,,,,2026Q2,2025Q4
3110861,관악구신사동주민센터,골목상권,1771688,6922.0,4329.0,1871.0,72.0,186322506.0,3.0,3.0,2.0,3.0,0.0,161315270.0,1163968542.0,2026Q2,2025Q4
3110860,호림박물관(성보고등학교),골목상권,516158,2503.0,1711.0,438.0,25.0,159815745.0,0.0,1.0,1.0,0.0,,,,2026Q2,2025Q4
3110859,난향초등학교,골목상권,445340,2662.0,1409.0,344.0,39.0,129246364.0,,,,,,,,2026Q2,2025Q4
3110858,신대방역 1번,골목상권,571378,859.0,644.0,209.0,3.0,125233165.0,1.0,0.0,0.0,0.0,,,,2026Q2,2025Q4
3110857,미성동주민센터,골목상권,1052698,4592.0,2239.0,403.0,79.0,154269055.0,1.0,1.0,0.0,0.0,,,,2026Q2,2025Q4
3110856,미성초등학교,골목상권,947464,4131.0,2342.0,1001.0,67.0,180676801.0,3.0,4.0,2.0,1.0,0.0,27303109.0,716642992.0,2026Q2,2025Q4
3110855,신대방역 2번,골목상권,1277632,4615.0,3213.0,788.0,50.0,164792996.0,1.0,12.0,0.0,0.0,0.0,1156690714.0,267821067.0,2026Q2,2025Q4
3110854,조원동주민센터,골목상권,364671,2081.0,1224.0,136.0,26.0,195690168.0,0.0,3.0,0.0,0.0,0.0,101450885.0,0.0,2026Q2,2025Q4
3110853,KT구로지사,골목상권,3253156,2457.0,1832.0,218.0,29.0,145898006.0,0.0,1.0,0.0,0.0,,,,2026Q2,2025Q4
3110852,이수역 9번,골목상권,650116,1744.0,1156.0,337.0,13.0,219460675.0,0.0,1.0,0.0,1.0,0.0,0.0,483639231.0,2026Q2,2025Q4
3110851,경문고등학교(동작동성당),골목상권,917459,4882.0,2349.0,129.0,41.0,228320873.0,3.0,1.0,0.0,0.0,,,,2026Q2,2025Q4
3110850,사당역 10번,골목상권,1957606,8241.0,5412.0,808.0,112.0,207007657.0,0.0,3.0,0.0,0.0,0.0,52531444.0,380682375.0,2026Q2,2025Q4
3110849,이수역 10번,골목상권,1504245,2937.0,1861.0,904.0,45.0,198456539.0,0.0,1.0,0.0,0.0,,,,2026Q2,2025Q4
3110848,양지어린이공원,골목상권,1159298,4585.0,2743.0,328.0,92.0,204883458.0,0.0,1.0,0.0,0.0,,,,2026Q2,2025Q4
3110847,예술인마을,골목상권,668121,4332.0,2223.0,310.0,144.0,228708571.0,1.0,0.0,0.0,0.0,,,,2026Q2,2025Q4
3110846,남성역 1번,골목상권,2472722,8548.0,4930.0,1000.0,186.0,206983090.0,0.0,0.0,0.0,0.0,0.0,0.0,341291122.0,2026Q2,2025Q4
3110845,사당종합체육관,골목상권,415605,1521.0,716.0,210.0,58.0,169046491.0,0.0,1.0,0.0,0.0,,,,2026Q2,2025Q4
3110844,흑석2치안센터,골목상권,51030,34.0,28.0,,22.0,609653301.0,,,,,,,,2026Q2,2025Q4
3110843,사당5동주민센터,골목상권,536136,1603.0,973.0,589.0,20.0,214029626.0,0.0,1.0,0.0,1.0,,,,2026Q2,2025Q4
3110842,흑리단길,골목상권,161186,531.0,310.0,22.0,1.0,523500000.0,0.0,1.0,0.0,0.0,,,,2026Q2,2025Q4
3110841,중대부중,골목상권,526487,84.0,69.0,5.0,7.0,547839286.0,,,,,,,,2026Q2,2025Q4
3110840,중앙대학교,골목상권,1110239,2395.0,1588.0,61.0,27.0,269726203.0,0.0,0.0,0.0,0.0,0.0,0.0,1727424148.0,2026Q2,2025Q4
3110839,숭실대입구역 4번,골목상권,911536,2065.0,1370.0,536.0,8.0,242950600.0,0.0,2.0,2.0,0.0,0.0,0.0,108880217.0,2026Q2,2025Q4
3110838,상도1동주민센터앞,골목상권,136413,90.0,65.0,171.0,2.0,149050000.0,,,,,,,,2026Q2,2025Q4
3110837,숭실대입구역 1번,골목상권,1418844,4162.0,2572.0,802.0,70.0,208144501.0,2.0,5.0,2.0,1.0,0.0,303490893.0,935706747.0,2026Q2,2025Q4
3110836,상도역 5번,골목상권,1694343,9068.0,5696.0,1000.0,179.0,195703007.0,0.0,2.0,0.0,2.0,0.0,0.0,1344917895.0,2026Q2,2025Q4
3110835,상도역 1번,골목상권,195534,1169.0,718.0,367.0,17.0,222950210.0,0.0,1.0,0.0,1.0,0.0,0.0,69054919.0,2026Q2,2025Q4
3110834,동작구자원봉사센터,골목상권,152223,1320.0,900.0,113.0,20.0,182529834.0,0.0,0.0,0.0,0.0,,,,2026Q2,2025Q4
3110833,상도역 2번,골목상권,563856,2210.0,1120.0,169.0,33.0,248310174.0,,,,,,,,2026Q2,2025Q4
3110832,노량진초등학교,골목상권,445919,3230.0,2142.0,322.0,36.0,481214910.0,0.0,0.0,0.0,0.0,,,,2026Q2,2025Q4
3110831,상도4동주민센터,골목상권,679835,2623.0,1344.0,196.0,64.0,178960586.0,1.0,1.0,0.0,1.0,,,,2026Q2,2025Q4
3110830,상도초등학교,골목상권,625673,3350.0,1818.0,216.0,64.0,178356166.0,1.0,0.0,0.0,0.0,,,,2026Q2,2025Q4
3110829,장승배기역 5번,골목상권,433442,1431.0,843.0,189.0,29.0,493287634.0,0.0,0.0,0.0,0.0,,,,2026Q2,2025Q4
3110828,노량진역 6번,골목상권,1810798,5656.0,3719.0,1832.0,67.0,456503977.0,2.0,0.0,0.0,0.0,0.0,0.0,201278599.0,2026Q2,2025Q4
3110827,NH농협은행 상도동지점,골목상권,521429,2395.0,1525.0,453.0,32.0,172620975.0,1.0,2.0,0.0,0.0,,,,2026Q2,2025Q4
3110826,장승배기역 4번,골목상권,378751,4347.0,2762.0,489.0,65.0,181328314.0,0.0,2.0,1.0,0.0,,,,2026Q2,2025Q4
3110825,신대방삼거리역 1번,골목상권,2163793,8722.0,5060.0,410.0,181.0,181828237.0,0.0,0.0,0.0,0.0,0.0,0.0,384664351.0,2026Q2,2025Q4
3110824,대방역 3번,골목상권,220408,598.0,385.0,1091.0,6.0,181550000.0,1.0,0.0,0.0,0.0,,,,2026Q2,2025Q4
3110823,신대방삼거리역 3번,골목상권,775568,3496.0,2140.0,570.0,47.0,191436410.0,0.0,2.0,4.0,1.0,0.0,0.0,220163112.0,2026Q2,2025Q4
3110822,신대방삼거리역 4번(대림초등학교),골목상권,757232,4899.0,2550.0,105.0,102.0,205739277.0,0.0,0.0,0.0,0.0,,,,2026Q2,2025Q4
3110821,보라매역 2번,골목상권,1471235,5794.0,3195.0,1348.0,98.0,191377529.0,1.0,3.0,0.0,1.0,0.0,477809458.0,0.0,2026Q2,2025Q4
3110820,성남고등학교,골목상권,747405,4080.0,2187.0,819.0,54.0,222323756.0,0.0,0.0,2.0,4.0,,,,2026Q2,2025Q4
3110819,신대방역 4번,골목상권,949698,4967.0,3001.0,2350.0,55.0,238916375.0,0.0,1.0,0.0,1.0,0.0,0.0,2519273109.0,2026Q2,2025Q4
3110818,신대방역 3번,골목상권,375384,776.0,560.0,609.0,9.0,129021649.0,0.0,1.0,0.0,0.0,,,,2026Q2,2025Q4
3110817,대방역 4번,골목상권,354658,854.0,694.0,66.0,7.0,131370068.0,1.0,1.0,3.0,0.0,,,,2026Q2,2025Q4
3110816,대방역 6번,골목상권,807624,1731.0,1153.0,614.0,32.0,232593142.0,1.0,0.0,0.0,2.0,,,,2026Q2,2025Q4
3110815,공군호텔,골목상권,1156358,4763.0,3381.0,1349.0,47.0,167909912.0,1.0,1.0,0.0,3.0,0.0,0.0,689910699.0,2026Q2,2025Q4
3110814,서울지방병무청,골목상권,1804967,3291.0,1905.0,1161.0,14.0,239566288.0,1.0,3.0,1.0,1.0,0.0,15550855.0,0.0,2026Q2,2025Q4
3110813,보라매역 6번,골목상권,1242930,2562.0,1507.0,708.0,19.0,177234707.0,2.0,3.0,1.0,0.0,0.0,275262384.0,0.0,2026Q2,2025Q4
3110812,신길6동주민센터,골목상권,541570,1381.0,935.0,342.0,19.0,151860667.0,1.0,4.0,0.0,1.0,0.0,160838982.0,1043382632.0,2026Q2,2025Q4
3110811,보라매역 4번,골목상권,533334,1645.0,990.0,161.0,15.0,240096898.0,3.0,4.0,0.0,0.0,29473765.0,176147655.0,0.0,2026Q2,2025Q4
3110810,영신초등학교,골목상권,1653070,3352.0,1999.0,513.0,28.0,201233160.0,0.0,1.0,0.0,0.0,0.0,0.0,587217009.0,2026Q2,2025Q4
3110809,장훈고등학교,골목상권,454267,701.0,394.0,364.0,6.0,263662500.0,0.0,0.0,0.0,1.0,0.0,0.0,209046877.0,2026Q2,2025Q4
3110808,신길역 1번,골목상권,524913,621.0,399.0,156.0,13.0,223439469.0,,,,,,,,2026Q2,2025Q4
3110807,신길역 3번,골목상권,490487,2467.0,2235.0,108.0,10.0,133554080.0,1.0,0.0,0.0,0.0,,,,2026Q2,2025Q4
3110806,서울시립영등포장애인복지관,골목상권,33946,17.0,17.0,196.0,,,,,,,,,,2026Q2,2025Q4
3110805,신길새마을금고신길4동지점,골목상권,300270,745.0,500.0,228.0,5.0,185168182.0,1.0,2.0,0.0,0.0,,,,2026Q2,2025Q4
3110804,신풍역 1번,골목상권,1083854,1955.0,1152.0,338.0,18.0,185510934.0,0.0,2.0,0.0,0.0,,,,2026Q2,2025Q4
3110803,신길2동우편취급국,골목상권,1209046,2498.0,1418.0,528.0,34.0,161089524.0,0.0,0.0,0.0,0.0,,,,2026Q2,2025Q4
3110802,신길동홍어거리,골목상권,563892,1271.0,731.0,475.0,15.0,177177884.0,0.0,2.0,0.0,2.0,,,,2026Q2,2025Q4
3110801,신풍역 6번(신길6동공영주차장),골목상권,26601,19.0,16.0,28.0,1.0,578000000.0,,,,,,,,2026Q2,2025Q4
3110800,영등포동성당,골목상권,182003,995.0,846.0,660.0,8.0,133045360.0,0.0,1.0,0.0,0.0,,,,2026Q2,2025Q4
3110799,영등포본동주민센터,골목상권,147411,646.0,379.0,129.0,22.0,153461557.0,0.0,1.0,0.0,0.0,,,,2026Q2,2025Q4
3110798,신풍역 2번,골목상권,212240,555.0,281.0,244.0,3.0,284861111.0,0.0,1.0,2.0,1.0,,,,2026Q2,2025Q4
3110797,KT대방빌딩,골목상권,288792,206.0,119.0,53.0,,,,,,,,,,2026Q2,2025Q4
3110796,한림대학교한강성심병원,골목상권,92268,1441.0,1116.0,191.0,9.0,203228409.0,,,,,,,,2026Q2,2025Q4
3110795,도림초등학교,골목상권,973049,1920.0,1110.0,100.0,13.0,189452667.0,0.0,1.0,0.0,0.0,,,,2026Q2,2025Q4
3110794,영동초등학교,골목상권,922072,3990.0,3327.0,1612.0,25.0,182301495.0,0.0,1.0,1.0,1.0,0.0,0.0,244033153.0,2026Q2,2025Q4
3110793,대림썬프라자,골목상권,32661,,,64.0,,,,,,,,,,2026Q2,2025Q4
3110792,영등포역 2번,골목상권,1681210,3749.0,2315.0,534.0,49.0,172407911.0,1.0,2.0,1.0,0.0,,,,2026Q2,2025Q4
3110791,신풍역 3번,골목상권,119265,208.0,95.0,117.0,1.0,465454545.0,0.0,0.0,0.0,0.0,,,,2026Q2,2025Q4
3110790,대림1동주민센터,골목상권,482078,2883.0,1709.0,443.0,28.0,169603142.0,2.0,2.0,0.0,3.0,0.0,1494545071.0,64789746.0,2026Q2,2025Q4
3110789,대림성모병원,골목상권,449989,1565.0,960.0,549.0,21.0,149367276.0,1.0,0.0,0.0,1.0,0.0,0.0,408584649.0,2026Q2,2025Q4
3110788,영등포시장역 3번,골목상권,105761,326.0,167.0,82.0,1.0,354833333.0,0.0,0.0,0.0,1.0,,,,2026Q2,2025Q4
3110787,신길3동주민센터,골목상권,1618624,2746.0,1542.0,270.0,13.0,175892648.0,0.0,2.0,2.0,1.0,0.0,0.0,679341143.0,2026Q2,2025Q4
3110786,당산역 8번,골목상권,425531,2170.0,1470.0,246.0,41.0,202770883.0,0.0,0.0,0.0,0.0,,,,2026Q2,2025Q4
3110785,영등포푸르지오아파트,골목상권,1252948,3195.0,1794.0,297.0,31.0,155824290.0,0.0,7.0,0.0,1.0,0.0,957790571.0,239156692.0,2026Q2,2025Q4
3110784,신대림초등학교,골목상권,176653,892.0,529.0,146.0,8.0,125063951.0,0.0,0.0,0.0,0.0,0.0,0.0,247649933.0,2026Q2,2025Q4
3110783,영등포시장역 1번,골목상권,287528,672.0,406.0,484.0,5.0,168415152.0,1.0,1.0,1.0,1.0,0.0,0.0,173021734.0,2026Q2,2025Q4
3110782,영등포시장역 4번,골목상권,201361,802.0,637.0,250.0,11.0,159654604.0,1.0,0.0,0.0,0.0,,,,2026Q2,2025Q4
3110781,대림한신아파트,골목상권,1128630,3052.0,1540.0,225.0,20.0,182790191.0,1.0,4.0,0.0,0.0,0.0,133667760.0,0.0,2026Q2,2025Q4
3110780,신길대성유니드아파트,골목상권,239144,3033.0,1527.0,229.0,40.0,160605355.0,0.0,0.0,1.0,0.0,,,,2026Q2,2025Q4
3110779,대림갑을명가아파트,골목상권,110603,265.0,160.0,44.0,,,0.0,1.0,0.0,0.0,,,,2026Q2,2025Q4
3110778,구로디지털단지역 4번,골목상권,1184552,4010.0,2474.0,1271.0,30.0,151427570.0,1.0,0.0,0.0,3.0,0.0,0.0,304611730.0,2026Q2,2025Q4
3110777,구로세무서,골목상권,248039,117.0,112.0,2788.0,1.0,117000000.0,3.0,2.0,0.0,0.0,,,,2026Q2,2025Q4
3110776,도신초등학교,골목상권,715574,2834.0,1406.0,454.0,45.0,162154064.0,1.0,0.0,0.0,0.0,0.0,0.0,390564474.0,2026Q2,2025Q4
3110775,대동초등학교,골목상권,181372,620.0,352.0,426.0,6.0,149148214.0,0.0,1.0,0.0,0.0,,,,2026Q2,2025Q4
3110774,당산반도유보라팰리스아파트,골목상권,639999,1358.0,1017.0,572.0,13.0,171420478.0,1.0,1.0,0.0,2.0,0.0,0.0,618405924.0,2026Q2,2025Q4
3110773,당산역 13번,골목상권,80024,112.0,83.0,285.0,,,0.0,0.0,3.0,0.0,,,,2026Q2,2025Q4
3110772,신우어린이공원,골목상권,333487,1145.0,554.0,158.0,22.0,161463767.0,0.0,0.0,0.0,0.0,,,,2026Q2,2025Q4
3110771,대림역 11번,골목상권,333897,459.0,282.0,138.0,10.0,129718071.0,0.0,0.0,0.0,0.0,,,,2026Q2,2025Q4
3110770,영등포구청역 6번,골목상권,902840,1930.0,1286.0,447.0,11.0,172992591.0,,,,,,,,2026Q2,2025Q4
3110769,대림차이나타운(대림역 12번),골목상권,495560,641.0,377.0,204.0,8.0,140612639.0,,,,,,,,2026Q2,2025Q4
3110768,도림2동유수지내체육시설,골목상권,257972,1297.0,917.0,176.0,7.0,137803086.0,0.0,2.0,0.0,1.0,,,,2026Q2,2025Q4
3110767,도림동주민센터,골목상권,225588,617.0,419.0,40.0,3.0,138027778.0,1.0,0.0,0.0,0.0,,,,2026Q2,2025Q4
3110766,대림역 5번,골목상권,1289093,2300.0,1362.0,474.0,63.0,123444409.0,1.0,0.0,0.0,2.0,0.0,0.0,173694298.0,2026Q2,2025Q4
3110765,문래동사거리,골목상권,312230,124.0,64.0,2977.0,2.0,203541667.0,,,,,,,,2026Q2,2025Q4
3110764,문래역 3번,골목상권,67587,297.0,272.0,367.0,,,0.0,0.0,0.0,0.0,,,,2026Q2,2025Q4
3110763,영등포구청역 2번,골목상권,553124,1347.0,837.0,1298.0,16.0,257667334.0,0.0,0.0,0.0,0.0,,,,2026Q2,2025Q4
3110762,선유도역 1번,골목상권,1737829,11135.0,6211.0,4542.0,140.0,207370173.0,4.0,12.0,0.0,5.0,305755433.0,682950292.0,443864765.0,2026Q2,2025Q4
3110761,문래동남성맨션,골목상권,175104,9.0,6.0,711.0,,,,,,,,,,2026Q2,2025Q4
3110760,선유도역 6번,골목상권,655466,1321.0,838.0,6117.0,4.0,356778409.0,3.0,10.0,1.0,3.0,253593800.0,277559674.0,318608279.0,2026Q2,2025Q4
3110759,문래예술촌(문래창작촌),골목상권,3802657,1099.0,688.0,23813.0,,,4.0,12.0,2.0,3.0,0.0,584457301.0,2468168993.0,2026Q2,2025Q4
3110758,문래소공원,골목상권,240669,1395.0,676.0,780.0,1.0,553333333.0,0.0,2.0,0.0,1.0,,,,2026Q2,2025Q4
3110757,양평역 2번,골목상권,252017,2184.0,1665.0,2082.0,6.0,177462121.0,1.0,3.0,0.0,3.0,0.0,12000000.0,157406111.0,2026Q2,2025Q4
3110756,문래중학교,골목상권,256532,2626.0,1477.0,406.0,1.0,413833333.0,0.0,0.0,0.0,1.0,,,,2026Q2,2025Q4
3110755,동일여자고등학교,골목상권,277686,1325.0,624.0,1138.0,17.0,148201315.0,0.0,2.0,0.0,0.0,,,,2026Q2,2025Q4
3110754,삼성산자연공원(서울금천초등학교),골목상권,1294450,4847.0,2410.0,294.0,86.0,152155396.0,1.0,2.0,0.0,0.0,,,,2026Q2,2025Q4
3110753,시흥동 은행나무사거리,골목상권,839313,6703.0,3512.0,431.0,85.0,154869503.0,3.0,2.0,0.0,1.0,0.0,0.0,1486421774.0,2026Q2,2025Q4
3110752,한울중학교,골목상권,733226,5971.0,2820.0,655.0,146.0,136066285.0,1.0,4.0,0.0,0.0,0.0,148158701.0,2065408286.0,2026Q2,2025Q4
3110751,난곡중학교,골목상권,1171276,5299.0,2913.0,373.0,89.0,150284346.0,1.0,1.0,0.0,1.0,,,,2026Q2,2025Q4
3110750,시흥4동주민센터(서울신흥초등학교),골목상권,655423,4283.0,2249.0,431.0,50.0,142651164.0,0.0,1.0,0.0,1.0,,,,2026Q2,2025Q4
3110749,금산초등학교(금천고등학교),골목상권,524352,4562.0,2024.0,774.0,124.0,145413808.0,0.0,3.0,1.0,0.0,0.0,581898312.0,0.0,2026Q2,2025Q4
3110748,백산초등학교,골목상권,407355,1818.0,1006.0,187.0,22.0,146815788.0,1.0,1.0,1.0,1.0,0.0,0.0,261727092.0,2026Q2,2025Q4
3110747,석수역 1번 출입구,골목상권,223697,921.0,438.0,595.0,36.0,176394492.0,0.0,4.0,0.0,0.0,0.0,296859541.0,0.0,2026Q2,2025Q4
3110746,금천금빛공원(은행나무사거리서측),골목상권,180915,1675.0,884.0,137.0,30.0,162710673.0,1.0,2.0,0.0,0.0,,,,2026Q2,2025Q4
3110745,독산동정훈단지,골목상권,344162,2713.0,1444.0,251.0,35.0,146690214.0,0.0,0.0,0.0,0.0,,,,2026Q2,2025Q4
3110744,독산동성당,골목상권,1825889,7539.0,3984.0,429.0,99.0,149586799.0,0.0,1.0,0.0,0.0,,,,2026Q2,2025Q4
3110743,시흥초등학교(시흥1동우체국),골목상권,821874,4042.0,2074.0,381.0,65.0,140804216.0,1.0,3.0,0.0,0.0,0.0,90643807.0,394201072.0,2026Q2,2025Q4
3110742,KT금천빌딩(금천구시설관리공단),골목상권,91424,181.0,110.0,438.0,3.0,109772222.0,1.0,2.0,0.0,0.0,,,,2026Q2,2025Q4
3110741,독산2동주민센터,골목상권,390662,3550.0,1939.0,229.0,49.0,140355187.0,1.0,0.0,0.0,1.0,,,,2026Q2,2025Q4
3110740,금천해태공원,골목상권,1304014,5120.0,2759.0,482.0,83.0,137224695.0,0.0,0.0,6.0,0.0,0.0,0.0,157377646.0,2026Q2,2025Q4
3110739,시흥3동 우편취급국,골목상권,22961,273.0,118.0,325.0,2.0,191870370.0,0.0,0.0,1.0,0.0,,,,2026Q2,2025Q4
3110738,문성초등학교,골목상권,511682,3206.0,1975.0,479.0,40.0,152738734.0,1.0,4.0,0.0,0.0,0.0,240372930.0,0.0,2026Q2,2025Q4
3110737,금천세무서,골목상권,664379,2583.0,1468.0,480.0,33.0,156736702.0,0.0,1.0,0.0,0.0,0.0,0.0,971475433.0,2026Q2,2025Q4
3110736,독산119안전센터,골목상권,813074,4575.0,2294.0,477.0,98.0,152401009.0,1.0,6.0,2.0,2.0,0.0,2268655770.0,583600327.0,2026Q2,2025Q4
3110735,말미고개,골목상권,887418,4952.0,2627.0,695.0,75.0,136597260.0,1.0,7.0,1.0,2.0,0.0,1047026057.0,0.0,2026Q2,2025Q4
3110734,금천파출소,골목상권,31566,320.0,188.0,100.0,5.0,158437744.0,,,,,,,,2026Q2,2025Q4
3110733,금천어울림복지센터,골목상권,227979,467.0,380.0,392.0,4.0,172345758.0,0.0,1.0,0.0,0.0,,,,2026Q2,2025Q4
3110732,가산초등학교(세일중학교),골목상권,538836,2828.0,2074.0,634.0,30.0,153902056.0,1.0,5.0,3.0,0.0,0.0,726799445.0,0.0,2026Q2,2025Q4
3110731,금천구청역 1번 출입구,골목상권,355594,957.0,645.0,1228.0,12.0,177794872.0,0.0,1.0,0.0,0.0,,,,2026Q2,2025Q4
3110730,서울축산농협 독산역지점(독산파출소),골목상권,660152,3163.0,2073.0,631.0,54.0,154434131.0,1.0,0.0,1.0,0.0,0.0,0.0,1589980057.0,2026Q2,2025Q4
3110729,가산동우체국,골목상권,694455,3204.0,2592.0,300.0,25.0,162741379.0,2.0,1.0,0.0,1.0,0.0,0.0,909503036.0,2026Q2,2025Q4
3110728,두산초등학교,골목상권,209739,1815.0,1406.0,390.0,7.0,156838961.0,0.0,1.0,0.0,1.0,,,,2026Q2,2025Q4
3110727,독산역 1번 출입구,골목상권,411421,3784.0,2005.0,516.0,12.0,165224750.0,0.0,0.0,0.0,2.0,0.0,0.0,154259872.0,2026Q2,2025Q4
3110726,금천철쭉어린이공원(금하마을),골목상권,256826,1555.0,872.0,177.0,11.0,117350613.0,1.0,2.0,0.0,0.0,,,,2026Q2,2025Q4
3110725,가산동주민센터,골목상권,261399,2213.0,2015.0,298.0,4.0,100312121.0,0.0,1.0,0.0,1.0,0.0,0.0,1345827999.0,2026Q2,2025Q4
3110724,금천구립가산도서관,골목상권,567984,3283.0,2477.0,265.0,42.0,151122377.0,1.0,1.0,0.0,1.0,0.0,0.0,466866876.0,2026Q2,2025Q4
3110723,가산디지털단지역 1번 출입구,골목상권,273560,759.0,540.0,295.0,5.0,109047197.0,1.0,1.0,0.0,0.0,,,,2026Q2,2025Q4
3110722,G타워,골목상권,417656,4293.0,3879.0,4010.0,14.0,143573603.0,0.0,1.0,0.0,3.0,0.0,0.0,812080771.0,2026Q2,2025Q4
3110721,가리봉파출소,골목상권,1295828,2618.0,1856.0,303.0,72.0,137967176.0,1.0,1.0,0.0,1.0,0.0,0.0,205021094.0,2026Q2,2025Q4
3110720,대림역 2번,골목상권,795348,2085.0,1167.0,165.0,14.0,236574755.0,0.0,1.0,2.0,4.0,0.0,0.0,241649324.0,2026Q2,2025Q4
3110719,영서중학교,골목상권,266949,469.0,206.0,116.0,8.0,102002083.0,0.0,0.0,0.0,0.0,,,,2026Q2,2025Q4
3110718,한국SGI본부,골목상권,1039428,2885.0,2186.0,1266.0,13.0,197880465.0,0.0,0.0,0.0,1.0,,,,2026Q2,2025Q4
3110717,남구로역 2번,골목상권,3422421,6283.0,3666.0,605.0,357.0,119151007.0,3.0,3.0,2.0,4.0,0.0,170378153.0,741831933.0,2026Q2,2025Q4
3110716,구로나눔길,골목상권,437301,791.0,440.0,231.0,17.0,185969300.0,0.0,1.0,0.0,0.0,,,,2026Q2,2025Q4
3110715,구로구민회관,골목상권,271152,814.0,445.0,160.0,4.0,121235284.0,0.0,1.0,0.0,1.0,,,,2026Q2,2025Q4
3110714,구로4동주민센터,골목상권,1429931,3561.0,1942.0,287.0,50.0,160762580.0,2.0,1.0,0.0,0.0,0.0,0.0,705062171.0,2026Q2,2025Q4
3110713,구로보건소,골목상권,2401957,6694.0,3660.0,2241.0,59.0,160793937.0,4.0,7.0,0.0,1.0,103356382.0,157202011.0,90936152.0,2026Q2,2025Q4
3110712,남구로역 5번,골목상권,1916184,4613.0,2327.0,147.0,396.0,98338652.0,2.0,0.0,0.0,1.0,0.0,0.0,302975969.0,2026Q2,2025Q4
3110711,구로초등학교,골목상권,1152974,3560.0,1974.0,910.0,34.0,167375409.0,2.0,2.0,0.0,1.0,,,,2026Q2,2025Q4
3110710,남구로역 3번,골목상권,2211657,4960.0,2965.0,412.0,119.0,146544325.0,1.0,4.0,1.0,3.0,0.0,58462454.0,949555511.0,2026Q2,2025Q4
3110709,구로119안전센터,골목상권,973039,2389.0,1316.0,230.0,34.0,176301022.0,3.0,0.0,1.0,0.0,12375287.0,0.0,0.0,2026Q2,2025Q4
3110708,화원어린이공원,골목상권,484046,1301.0,812.0,104.0,17.0,165860009.0,1.0,1.0,0.0,0.0,,,,2026Q2,2025Q4
3110707,구로창업지원센터,골목상권,1110009,1932.0,1017.0,2454.0,17.0,259803788.0,5.0,3.0,0.0,1.0,0.0,261023699.0,0.0,2026Q2,2025Q4
3110706,그라운드 고척,골목상권,285491,721.0,455.0,650.0,3.0,200643939.0,0.0,0.0,0.0,1.0,0.0,0.0,892872956.0,2026Q2,2025Q4
3110705,고산초등학교,골목상권,32851,687.0,429.0,118.0,1.0,226253846.0,0.0,0.0,0.0,0.0,,,,2026Q2,2025Q4
3110704,고척중학교,골목상권,40472,108.0,99.0,216.0,,,,,,,,,,2026Q2,2025Q4
3110703,개봉역,골목상권,571200,1955.0,980.0,2078.0,29.0,158129182.0,0.0,0.0,1.0,1.0,0.0,0.0,559468876.0,2026Q2,2025Q4
3110702,개봉초등학교,골목상권,1501158,2437.0,1148.0,1970.0,55.0,168441825.0,0.0,1.0,0.0,0.0,,,,2026Q2,2025Q4
3110701,고척동성당,골목상권,671905,1251.0,622.0,455.0,14.0,196334266.0,2.0,3.0,0.0,0.0,0.0,56909649.0,0.0,2026Q2,2025Q4
3110700,고척초등학교,골목상권,1077651,2609.0,1266.0,627.0,65.0,171486107.0,0.0,6.0,0.0,0.0,0.0,46926305.0,0.0,2026Q2,2025Q4
3110699,덕의초등학교,골목상권,465204,1494.0,744.0,444.0,23.0,131271465.0,0.0,3.0,4.0,0.0,0.0,700158304.0,0.0,2026Q2,2025Q4
3110698,개웅초등학교(개웅중학교),골목상권,614428,6262.0,2795.0,273.0,198.0,148017946.0,0.0,0.0,0.0,0.0,,,,2026Q2,2025Q4
3110697,개봉3동주민센터,골목상권,410530,2817.0,1288.0,98.0,87.0,143281538.0,0.0,4.0,0.0,0.0,0.0,172469491.0,0.0,2026Q2,2025Q4
3110696,오류동역 1번,골목상권,725556,3264.0,1564.0,799.0,102.0,143857104.0,1.0,6.0,0.0,0.0,0.0,531503865.0,0.0,2026Q2,2025Q4
3110695,개봉1동주민센터,골목상권,1237609,5207.0,2882.0,1173.0,63.0,148773256.0,3.0,5.0,0.0,0.0,0.0,64561005.0,72000000.0,2026Q2,2025Q4
3110694,세곡초등학교,골목상권,2079377,6572.0,3466.0,994.0,107.0,134563385.0,0.0,4.0,0.0,2.0,0.0,66452600.0,0.0,2026Q2,2025Q4
3110693,오류동역 4번,골목상권,189790,713.0,621.0,48.0,2.0,164772727.0,0.0,0.0,0.0,0.0,,,,2026Q2,2025Q4
3110692,큰굴다리,골목상권,1016460,2091.0,1105.0,495.0,24.0,139594231.0,1.0,2.0,0.0,0.0,,,,2026Q2,2025Q4
3110691,개봉중학교,골목상권,527044,2710.0,1340.0,871.0,74.0,127317855.0,0.0,4.0,0.0,0.0,0.0,466505771.0,0.0,2026Q2,2025Q4
3110690,오류2동버들시장,골목상권,1334766,4353.0,2337.0,839.0,46.0,151827581.0,2.0,3.0,0.0,3.0,0.0,0.0,246758927.0,2026Q2,2025Q4
3110689,오류동역 3번,골목상권,1243173,3067.0,1699.0,634.0,48.0,144215956.0,0.0,2.0,0.0,0.0,,,,2026Q2,2025Q4
3110688,오류지구대,골목상권,529219,2648.0,1281.0,225.0,53.0,151758428.0,0.0,0.0,1.0,0.0,,,,2026Q2,2025Q4
3110687,"천왕역 3번(오류2동주민센터, 서울오류남초등학교)",골목상권,285606,540.0,254.0,115.0,9.0,183354258.0,0.0,0.0,0.0,0.0,,,,2026Q2,2025Q4
3110686,수궁동주민센터,골목상권,722137,4234.0,2042.0,487.0,93.0,140161791.0,0.0,4.0,0.0,3.0,0.0,23232346.0,0.0,2026Q2,2025Q4
3110685,금강수목원아파트,골목상권,69735,167.0,76.0,70.0,3.0,225083333.0,2.0,0.0,0.0,0.0,,,,2026Q2,2025Q4
3110684,서울공연예술고등학교,골목상권,50389,1401.0,656.0,165.0,47.0,117106715.0,0.0,0.0,0.0,3.0,0.0,0.0,225878118.0,2026Q2,2025Q4
3110683,오류고등학교,골목상권,253960,1614.0,673.0,96.0,42.0,137436940.0,1.0,0.0,0.0,0.0,,,,2026Q2,2025Q4
3110682,온수역 8번,골목상권,15082,959.0,434.0,26.0,15.0,181281658.0,0.0,0.0,0.0,1.0,,,,2026Q2,2025Q4
3110681,온수역 1번,골목상권,29710,182.0,105.0,184.0,5.0,171405000.0,1.0,0.0,1.0,1.0,,,,2026Q2,2025Q4
3110680,온수역 5번(온수산업단지),골목상권,176856,1635.0,740.0,774.0,41.0,155794689.0,0.0,1.0,0.0,0.0,,,,2026Q2,2025Q4
3110679,염창역 2번,골목상권,292495,1370.0,1004.0,1154.0,5.0,271573333.0,0.0,4.0,4.0,0.0,0.0,772507729.0,0.0,2026Q2,2025Q4
3110678,염창무학아파트,골목상권,203046,1188.0,614.0,865.0,20.0,264459143.0,0.0,3.0,0.0,0.0,0.0,6813078.0,0.0,2026Q2,2025Q4
3110677,등촌역 1번,골목상권,216690,1809.0,1019.0,368.0,16.0,177146291.0,0.0,1.0,0.0,0.0,,,,2026Q2,2025Q4
3110676,등촌역 7번,골목상권,462175,2818.0,1439.0,629.0,114.0,182708922.0,1.0,1.0,0.0,0.0,,,,2026Q2,2025Q4
3110675,화곡4동주민센터,골목상권,1776318,7148.0,3398.0,509.0,207.0,140454436.0,0.0,0.0,0.0,0.0,0.0,0.0,653055860.0,2026Q2,2025Q4
3110674,강서구청가양동별관,골목상권,53519,59.0,42.0,265.0,,,0.0,1.0,0.0,1.0,,,,2026Q2,2025Q4
3110673,뜸부기어린이공원,골목상권,680740,3948.0,2093.0,723.0,91.0,138126199.0,3.0,9.0,1.0,1.0,0.0,507769080.0,521454188.0,2026Q2,2025Q4
3110672,백석중학교,골목상권,651967,3159.0,1429.0,276.0,86.0,152267971.0,1.0,0.0,0.0,1.0,,,,2026Q2,2025Q4
3110671,등촌1동주민센터,골목상권,1670902,7408.0,4071.0,4274.0,84.0,213202070.0,3.0,12.0,0.0,0.0,0.0,4724060830.0,822713107.0,2026Q2,2025Q4
3110670,신곡초등학교,골목상권,1252064,6972.0,3186.0,342.0,228.0,125325938.0,0.0,2.0,0.0,2.0,0.0,0.0,578292263.0,2026Q2,2025Q4
3110669,화곡보람2차아파트,골목상권,52740,756.0,389.0,65.0,26.0,144229102.0,,,,,,,,2026Q2,2025Q4
3110668,화곡2동주민센터,골목상권,2004004,8487.0,3941.0,700.0,270.0,131273320.0,0.0,0.0,5.0,0.0,0.0,0.0,499421573.0,2026Q2,2025Q4
3110667,가양역 10번,골목상권,34920,615.0,372.0,580.0,,,1.0,2.0,1.0,1.0,0.0,0.0,492559096.0,2026Q2,2025Q4
3110666,KC대학교,골목상권,147125,1747.0,861.0,335.0,33.0,119931414.0,0.0,1.0,0.0,0.0,,,,2026Q2,2025Q4
3110665,곰달래도서관,골목상권,5342751,5146.0,2649.0,1177.0,133.0,138494035.0,3.0,5.0,0.0,1.0,0.0,19185510.0,95536948.0,2026Q2,2025Q4
3110664,강서구청옆,골목상권,183495,516.0,248.0,232.0,12.0,134733041.0,0.0,1.0,0.0,1.0,,,,2026Q2,2025Q4
3110663,우장산롯데캐슬아파트앞,골목상권,367319,1412.0,634.0,541.0,31.0,178965369.0,0.0,0.0,0.0,0.0,,,,2026Q2,2025Q4
3110662,까치산역 1번,골목상권,1740061,11635.0,5741.0,472.0,425.0,129323076.0,0.0,0.0,0.0,4.0,0.0,0.0,813840648.0,2026Q2,2025Q4
3110661,강서새말어린이공원,골목상권,205812,1357.0,680.0,339.0,37.0,143599651.0,1.0,1.0,0.0,0.0,,,,2026Q2,2025Q4
3110660,등촌3동주민센터,골목상권,623913,1678.0,960.0,4819.0,19.0,188466977.0,4.0,6.0,1.0,4.0,0.0,730819455.0,441591210.0,2026Q2,2025Q4
3110659,화곡역 4번,골목상권,4178433,18076.0,8786.0,874.0,724.0,122805551.0,4.0,5.0,0.0,5.0,0.0,1217123061.0,679431581.0,2026Q2,2025Q4
3110658,화곡초등학교,골목상권,976962,3409.0,2212.0,391.0,90.0,118960240.0,1.0,1.0,0.0,2.0,0.0,0.0,674438115.0,2026Q2,2025Q4
3110657,양천향교역 5번,골목상권,938382,1518.0,1165.0,3725.0,2.0,181257576.0,7.0,16.0,1.0,1.0,0.0,6492932346.0,106127101.0,2026Q2,2025Q4
3110656,까치산역 3번,골목상권,6135815,9998.0,6627.0,743.0,116.0,147818042.0,2.0,4.0,0.0,1.0,0.0,25920251.0,2804864421.0,2026Q2,2025Q4
3110655,발산역 5번,골목상권,402920,1136.0,548.0,1112.0,21.0,169695427.0,1.0,2.0,1.0,2.0,0.0,0.0,282000000.0,2026Q2,2025Q4
3110654,까치산역 4번,골목상권,2442288,12127.0,6330.0,897.0,364.0,134853596.0,1.0,8.0,0.0,3.0,0.0,1145400770.0,1575926016.0,2026Q2,2025Q4
3110653,화곡역 2번,골목상권,1023136,4597.0,2138.0,602.0,82.0,139116615.0,0.0,1.0,0.0,1.0,,,,2026Q2,2025Q4
3110652,양천향교역 2번,골목상권,366959,2193.0,1386.0,338.0,42.0,184607071.0,4.0,7.0,1.0,0.0,0.0,283116271.0,132506136.0,2026Q2,2025Q4
3110651,화원중학교,골목상권,719508,5890.0,2940.0,502.0,184.0,133551365.0,0.0,3.0,0.0,1.0,0.0,80722413.0,1111810774.0,2026Q2,2025Q4
3110650,우장산힐스테이트,골목상권,69463,881.0,316.0,429.0,12.0,299294794.0,0.0,1.0,0.0,0.0,,,,2026Q2,2025Q4
3110649,우장산역 1번,골목상권,1116968,3249.0,1327.0,698.0,67.0,179045174.0,1.0,1.0,1.0,1.0,0.0,0.0,1011969742.0,2026Q2,2025Q4
3110648,양천향교역 7번,골목상권,136248,4230.0,3925.0,975.0,,,0.0,1.0,1.0,2.0,0.0,0.0,1823912893.0,2026Q2,2025Q4
3110647,화곡역 5번,골목상권,2147729,8449.0,4333.0,780.0,232.0,141271983.0,2.0,9.0,2.0,1.0,0.0,246377089.0,538460553.0,2026Q2,2025Q4
3110646,푸른들청소년도서관,골목상권,1603814,8487.0,4295.0,1556.0,184.0,162732844.0,0.0,3.0,0.0,2.0,0.0,0.0,387502626.0,2026Q2,2025Q4
3110645,우장산역 4번,골목상권,1512485,7050.0,2824.0,536.0,143.0,173204672.0,2.0,0.0,0.0,1.0,0.0,0.0,541741613.0,2026Q2,2025Q4
3110644,신광명마을,골목상권,67786,774.0,382.0,151.0,28.0,112381629.0,0.0,5.0,0.0,0.0,0.0,1099846036.0,0.0,2026Q2,2025Q4
3110643,강서구다솔마을,골목상권,598427,2042.0,1082.0,1346.0,2.0,105158333.0,11.0,11.0,0.0,1.0,17446154.0,317070795.0,0.0,2026Q2,2025Q4
3110642,정곡초등학교,골목상권,12658,700.0,298.0,138.0,23.0,127206981.0,1.0,1.0,0.0,0.0,,,,2026Q2,2025Q4
3110641,공항고등학교,골목상권,340963,1569.0,685.0,496.0,18.0,202721348.0,3.0,10.0,0.0,0.0,105779927.0,724217408.0,0.0,2026Q2,2025Q4
3110640,방화역 1번,골목상권,454447,2584.0,1556.0,1776.0,36.0,164321055.0,0.0,0.0,0.0,1.0,0.0,0.0,474063372.0,2026Q2,2025Q4
3110639,신방화역 8번,골목상권,471820,2005.0,1121.0,466.0,34.0,272961822.0,0.0,2.0,0.0,0.0,,,,2026Q2,2025Q4
3110638,신방화역 2번,골목상권,2252925,5825.0,2949.0,1614.0,89.0,166440076.0,3.0,3.0,0.0,1.0,8357255.0,158568821.0,1439055133.0,2026Q2,2025Q4
3110637,송정역 2번,골목상권,267579,1773.0,961.0,794.0,41.0,166400833.0,0.0,0.0,0.0,2.0,0.0,0.0,249938781.0,2026Q2,2025Q4
3110636,방화역 2번,골목상권,348595,1162.0,547.0,357.0,17.0,202889828.0,1.0,2.0,0.0,1.0,,,,2026Q2,2025Q4
3110635,공항시장역 3번,골목상권,197706,2411.0,1261.0,473.0,37.0,280195461.0,0.0,1.0,2.0,1.0,,,,2026Q2,2025Q4
3110634,송정역 3번,골목상권,1825051,7741.0,4434.0,1697.0,184.0,129972445.0,3.0,7.0,0.0,1.0,0.0,429902363.0,644735998.0,2026Q2,2025Q4
3110633,개화산역 1번,골목상권,55358,428.0,234.0,111.0,6.0,139956944.0,1.0,0.0,0.0,1.0,,,,2026Q2,2025Q4
3110632,방화역 3번,골목상권,413491,1420.0,704.0,756.0,20.0,144505371.0,0.0,3.0,1.0,2.0,0.0,731402337.0,0.0,2026Q2,2025Q4
3110631,방화초등학교,골목상권,479017,3699.0,1668.0,91.0,74.0,143382505.0,1.0,1.0,0.0,1.0,,,,2026Q2,2025Q4
3110630,공항시장역 1번,골목상권,1135037,5659.0,3552.0,213.0,77.0,219555668.0,0.0,6.0,1.0,0.0,0.0,666050433.0,0.0,2026Q2,2025Q4
3110629,송정역 4번,골목상권,218150,742.0,480.0,429.0,11.0,148168457.0,0.0,2.0,0.0,0.0,,,,2026Q2,2025Q4
3110628,신목동역,골목상권,310899,1229.0,690.0,538.0,53.0,185356238.0,1.0,2.0,3.0,0.0,,,,2026Q2,2025Q4
3110627,신정롯데캐슬아파트,골목상권,1593710,2338.0,1030.0,4602.0,20.0,240273155.0,6.0,5.0,0.0,1.0,11228426.0,361655024.0,535615686.0,2026Q2,2025Q4
3110626,양화초등학교,골목상권,1355878,5973.0,3133.0,945.0,234.0,176088496.0,1.0,0.0,0.0,2.0,0.0,0.0,64656688.0,2026Q2,2025Q4
3110625,신정2동주민센터,골목상권,956503,2867.0,1013.0,6826.0,32.0,330130429.0,2.0,4.0,3.0,1.0,175768394.0,1181414365.0,0.0,2026Q2,2025Q4
3110624,목동문화체육센터,골목상권,373593,2242.0,954.0,182.0,72.0,150265369.0,1.0,1.0,0.0,0.0,,,,2026Q2,2025Q4
3110623,갈산공원,골목상권,76326,173.0,79.0,391.0,4.0,149939863.0,3.0,5.0,10.0,0.0,59149367.0,136782177.0,0.0,2026Q2,2025Q4
3110622,달마을공원,골목상권,426729,3929.0,2003.0,615.0,120.0,171623085.0,0.0,3.0,0.0,1.0,,,,2026Q2,2025Q4
3110621,목동역 5번,골목상권,206542,663.0,241.0,581.0,8.0,493577083.0,1.0,4.0,0.0,1.0,0.0,148188250.0,0.0,2026Q2,2025Q4
3110620,목동보건지소,골목상권,1854833,7989.0,3420.0,837.0,230.0,166693099.0,4.0,1.0,0.0,2.0,0.0,0.0,175309562.0,2026Q2,2025Q4
3110619,목4동주민센터,골목상권,367775,1287.0,639.0,202.0,32.0,170467660.0,0.0,3.0,1.0,0.0,0.0,40494727.0,0.0,2026Q2,2025Q4
3110618,강서고등학교,골목상권,1553252,5951.0,2708.0,499.0,171.0,157942184.0,0.0,4.0,0.0,1.0,0.0,3779428.0,855532638.0,2026Q2,2025Q4
3110617,등촌역 4번,골목상권,588945,2190.0,1193.0,120.0,57.0,159079229.0,0.0,0.0,0.0,1.0,,,,2026Q2,2025Q4
3110616,양목초등학교,골목상권,222816,800.0,370.0,219.0,27.0,138781017.0,1.0,0.0,0.0,0.0,,,,2026Q2,2025Q4
3110615,신서초등학교,골목상권,221234,961.0,383.0,1608.0,9.0,260213827.0,1.0,9.0,0.0,2.0,0.0,768274334.0,952279689.0,2026Q2,2025Q4
3110614,목동로데오거리,골목상권,424958,2185.0,1072.0,515.0,46.0,177360459.0,1.0,7.0,1.0,0.0,0.0,694747514.0,0.0,2026Q2,2025Q4
3110613,신정네거리역 4번,골목상권,246092,359.0,190.0,424.0,3.0,165341667.0,0.0,4.0,0.0,0.0,0.0,90249909.0,0.0,2026Q2,2025Q4
3110612,신정역 5번,골목상권,2050403,7588.0,3899.0,677.0,185.0,150448209.0,0.0,2.0,0.0,4.0,0.0,0.0,952434730.0,2026Q2,2025Q4
3110611,신정역 1번,골목상권,1215204,4403.0,2147.0,489.0,112.0,145949538.0,1.0,4.0,0.0,0.0,0.0,286727274.0,477279921.0,2026Q2,2025Q4
3110610,계남근린공원,골목상권,620771,3326.0,1625.0,139.0,45.0,265394931.0,,,,,,,,2026Q2,2025Q4
3110609,신정네거리역 2번,골목상권,794808,2258.0,1088.0,89.0,48.0,283473444.0,0.0,1.0,0.0,0.0,,,,2026Q2,2025Q4
3110608,신월2동주민센터,골목상권,1066082,8704.0,3722.0,774.0,188.0,136091620.0,2.0,1.0,0.0,0.0,,,,2026Q2,2025Q4
3110607,금빛새마을금고본점,골목상권,161463,703.0,363.0,145.0,29.0,148862167.0,1.0,1.0,0.0,0.0,,,,2026Q2,2025Q4
3110606,신한은행 신월동지점,골목상권,1364723,6763.0,2676.0,506.0,122.0,160253268.0,0.0,4.0,3.0,1.0,0.0,9725768.0,1080743703.0,2026Q2,2025Q4
3110605,목동센트럴아이파크앞,골목상권,29320,1053.0,397.0,230.0,14.0,260044450.0,0.0,2.0,0.0,1.0,,,,2026Q2,2025Q4
3110604,신월4동주민센터,골목상권,969653,6452.0,2517.0,541.0,98.0,170738416.0,2.0,5.0,0.0,2.0,0.0,29362478.0,677074742.0,2026Q2,2025Q4
3110603,지향초등학교,골목상권,78068,324.0,159.0,860.0,12.0,110352882.0,2.0,2.0,0.0,0.0,,,,2026Q2,2025Q4
3110602,신월시영아파트중문,골목상권,165029,1227.0,644.0,800.0,63.0,82393309.0,0.0,5.0,1.0,0.0,0.0,724634526.0,0.0,2026Q2,2025Q4
3110601,신월1동우편취급국,골목상권,1274636,6125.0,3197.0,936.0,154.0,120889727.0,3.0,9.0,0.0,3.0,6825175.0,138002235.0,456890803.0,2026Q2,2025Q4
3110600,신월7동주민센터,골목상권,421020,3752.0,1998.0,899.0,243.0,85735548.0,2.0,2.0,0.0,2.0,0.0,0.0,284420582.0,2026Q2,2025Q4
3110599,신월1파출소,골목상권,918361,3915.0,1908.0,348.0,57.0,140635771.0,1.0,3.0,1.0,2.0,0.0,59799207.0,0.0,2026Q2,2025Q4
3110598,신월문화체육센터,골목상권,540635,2799.0,1356.0,745.0,130.0,88143864.0,1.0,0.0,1.0,2.0,0.0,0.0,608880031.0,2026Q2,2025Q4
3110597,신월1동주민센터,골목상권,1130810,5767.0,2975.0,523.0,123.0,126115354.0,0.0,13.0,0.0,1.0,0.0,1242006301.0,120885791.0,2026Q2,2025Q4
3110596,서서울호수공원,골목상권,596590,3232.0,1618.0,234.0,71.0,122986988.0,0.0,2.0,3.0,0.0,0.0,59550642.0,349615639.0,2026Q2,2025Q4
3110595,메디힐병원,골목상권,706282,5267.0,2668.0,1014.0,139.0,124228384.0,2.0,7.0,4.0,3.0,0.0,234825148.0,0.0,2026Q2,2025Q4
3110594,신월중학교,골목상권,329097,3096.0,1223.0,160.0,52.0,172606178.0,0.0,3.0,0.0,0.0,0.0,32594985.0,142771067.0,2026Q2,2025Q4
3110593,신월3동주민센터,골목상권,929191,5817.0,3623.0,520.0,43.0,118379592.0,1.0,0.0,2.0,0.0,0.0,0.0,1043603064.0,2026Q2,2025Q4
3110592,서울금융고등학교,골목상권,202961,1013.0,538.0,352.0,56.0,82228738.0,0.0,2.0,0.0,0.0,,,,2026Q2,2025Q4
3110591,충정로역 6번,골목상권,738403,2186.0,1149.0,212.0,69.0,289439342.0,,,,,,,,2026Q2,2025Q4
3110590,만리재,골목상권,1211962,2174.0,1200.0,312.0,3.0,308365079.0,0.0,0.0,0.0,0.0,,,,2026Q2,2025Q4
3110589,애오개역 3번,골목상권,249331,1646.0,848.0,141.0,60.0,295759731.0,0.0,1.0,0.0,0.0,,,,2026Q2,2025Q4
3110588,한겨레신문사,골목상권,1079722,2899.0,1706.0,716.0,18.0,239013986.0,1.0,0.0,0.0,0.0,,,,2026Q2,2025Q4
3110587,공덕동주민센터,골목상권,561296,3189.0,2254.0,802.0,28.0,263291038.0,1.0,0.0,0.0,2.0,0.0,0.0,56571819.0,2026Q2,2025Q4
3110586,서울서부지방법원,골목상권,1744565,1327.0,1092.0,2505.0,38.0,418419990.0,1.0,4.0,2.0,1.0,0.0,27681789.0,285036461.0,2026Q2,2025Q4
3110585,마포경찰서,골목상권,104465,221.0,92.0,295.0,2.0,929400000.0,,,,,,,,2026Q2,2025Q4
3110584,아현역 4번,골목상권,87211,157.0,128.0,222.0,1.0,272666667.0,,,,,,,,2026Q2,2025Q4
3110583,공덕래미안3차아파트,골목상권,348385,160.0,110.0,493.0,2.0,138772727.0,0.0,0.0,0.0,0.0,,,,2026Q2,2025Q4
3110582,이대역 5번,골목상권,562509,1789.0,1328.0,317.0,27.0,230331751.0,0.0,0.0,0.0,1.0,0.0,0.0,842719639.0,2026Q2,2025Q4
3110581,염리초등학교,골목상권,113612,297.0,97.0,262.0,1.0,640090909.0,0.0,1.0,0.0,0.0,,,,2026Q2,2025Q4
3110580,양원초등학교,골목상권,798603,1209.0,851.0,175.0,8.0,215879356.0,0.0,0.0,0.0,1.0,,,,2026Q2,2025Q4
3110579,마포역 4번,골목상권,339461,751.0,458.0,1346.0,18.0,345369808.0,0.0,0.0,2.0,1.0,0.0,0.0,402110499.0,2026Q2,2025Q4
3110578,대흥역 2번,골목상권,3357714,2733.0,1766.0,1260.0,32.0,200020352.0,1.0,1.0,0.0,1.0,0.0,0.0,255012344.0,2026Q2,2025Q4
3110577,용강동주민센터,골목상권,492387,910.0,415.0,686.0,2.0,482658333.0,0.0,0.0,0.0,2.0,,,,2026Q2,2025Q4
3110576,대흥역 3번,골목상권,1087292,1008.0,547.0,1564.0,4.0,270107143.0,1.0,2.0,2.0,1.0,,,,2026Q2,2025Q4
3110575,대흥동주민센터,골목상권,829197,2528.0,1874.0,411.0,28.0,228488575.0,,,,,,,,2026Q2,2025Q4
3110574,서강대학교,골목상권,88947,167.0,113.0,232.0,4.0,173303214.0,0.0,0.0,0.0,0.0,,,,2026Q2,2025Q4
3110573,신촌역 6번,골목상권,116947,183.0,133.0,113.0,2.0,170150000.0,0.0,0.0,0.0,0.0,,,,2026Q2,2025Q4
3110572,서강대역 1번,골목상권,2213558,2727.0,1977.0,1405.0,31.0,172217208.0,0.0,2.0,1.0,0.0,,,,2026Q2,2025Q4
3110571,신수동주민센터,골목상권,457815,2186.0,1212.0,1557.0,42.0,232586911.0,0.0,2.0,0.0,0.0,,,,2026Q2,2025Q4
3110570,KB국민은행 서강지점,골목상권,215315,504.0,249.0,429.0,3.0,535685606.0,,,,,,,,2026Q2,2025Q4
3110569,홍대땡땡거리,골목상권,851288,1935.0,1442.0,661.0,15.0,179293495.0,1.0,1.0,0.0,2.0,0.0,0.0,336078464.0,2026Q2,2025Q4
3110568,광흥창역 1번,골목상권,328812,918.0,709.0,171.0,1.0,816250000.0,0.0,1.0,0.0,4.0,0.0,0.0,979434362.0,2026Q2,2025Q4
3110567,광흥창역 6번,골목상권,237303,277.0,199.0,259.0,2.0,83916667.0,0.0,1.0,2.0,0.0,,,,2026Q2,2025Q4
3110566,경의선책거리,골목상권,1308863,1739.0,1189.0,1765.0,24.0,190260188.0,0.0,1.0,0.0,2.0,0.0,0.0,1158754261.0,2026Q2,2025Q4
3110565,홍익대,골목상권,392275,1504.0,1088.0,237.0,50.0,130919609.0,0.0,0.0,0.0,0.0,,,,2026Q2,2025Q4
3110564,홍대입구역 3번,골목상권,906807,523.0,380.0,568.0,9.0,172684418.0,0.0,0.0,0.0,1.0,,,,2026Q2,2025Q4
3110563,상수역 3번,골목상권,171366,853.0,572.0,331.0,19.0,223732445.0,0.0,0.0,0.0,1.0,,,,2026Q2,2025Q4
3110562,연트럴파크(연남동주민센터),골목상권,1137324,2654.0,1502.0,486.0,70.0,222880398.0,0.0,0.0,0.0,2.0,0.0,0.0,470067470.0,2026Q2,2025Q4
3110561,상수역 4번,골목상권,671030,2094.0,1387.0,425.0,94.0,218980105.0,1.0,0.0,0.0,1.0,0.0,0.0,291065731.0,2026Q2,2025Q4
3110560,마포FM,골목상권,744518,1477.0,890.0,421.0,41.0,191353210.0,1.0,1.0,3.0,0.0,,,,2026Q2,2025Q4
3110559,성산중학교,골목상권,841565,2339.0,1321.0,816.0,73.0,226703747.0,0.0,0.0,0.0,0.0,,,,2026Q2,2025Q4
3110558,경성고등학교,골목상권,2712280,8319.0,4418.0,2058.0,238.0,192987429.0,3.0,5.0,0.0,3.0,0.0,17521495.0,938860495.0,2026Q2,2025Q4
3110557,홍대부속여중고앞,골목상권,857244,3135.0,1801.0,1045.0,82.0,198941060.0,0.0,4.0,0.0,2.0,0.0,15791931.0,680659137.0,2026Q2,2025Q4
3110556,절두산순교성지,골목상권,171763,1054.0,591.0,146.0,46.0,209541827.0,0.0,0.0,0.0,0.0,,,,2026Q2,2025Q4
3110555,홍익지구대,골목상권,197051,204.0,115.0,275.0,5.0,261410000.0,0.0,0.0,0.0,1.0,,,,2026Q2,2025Q4
3110554,망원역 1번,골목상권,1027692,3928.0,2290.0,1426.0,128.0,209058009.0,2.0,1.0,0.0,0.0,0.0,0.0,124902485.0,2026Q2,2025Q4
3110553,가좌역 2번,골목상권,943603,2988.0,1625.0,349.0,64.0,164023175.0,1.0,1.0,2.0,0.0,,,,2026Q2,2025Q4
3110552,성미산체육관,골목상권,449378,2012.0,1009.0,1429.0,60.0,178036388.0,1.0,4.0,3.0,1.0,0.0,228140795.0,244874451.0,2026Q2,2025Q4
3110551,성서초등학교,골목상권,1250638,4063.0,1871.0,600.0,120.0,201901807.0,1.0,0.0,0.0,4.0,0.0,0.0,354484116.0,2026Q2,2025Q4
3110550,합정역 8번,골목상권,1186325,5479.0,3056.0,1073.0,185.0,221625792.0,1.0,4.0,0.0,5.0,0.0,126070712.0,182153542.0,2026Q2,2025Q4
3110549,새터산,골목상권,758601,2523.0,1291.0,114.0,60.0,170850988.0,0.0,1.0,0.0,0.0,0.0,0.0,154415095.0,2026Q2,2025Q4
3110548,마포구청역 4번,골목상권,1220204,2640.0,1512.0,1019.0,87.0,162143069.0,0.0,1.0,0.0,0.0,,,,2026Q2,2025Q4
3110547,KB국민은행 망원동지점,골목상권,761408,2421.0,1153.0,963.0,52.0,199445399.0,0.0,0.0,1.0,1.0,,,,2026Q2,2025Q4
3110546,양화대교북단,골목상권,659568,2580.0,1438.0,290.0,99.0,216430378.0,0.0,1.0,0.0,0.0,0.0,0.0,983300573.0,2026Q2,2025Q4
3110545,마포구청역 1번,골목상권,460847,5778.0,4573.0,909.0,23.0,169622881.0,1.0,10.0,0.0,1.0,0.0,175141492.0,1640372670.0,2026Q2,2025Q4
3110544,망리단길,골목상권,4679754,11779.0,6454.0,1811.0,339.0,199237426.0,0.0,9.0,0.0,3.0,0.0,176303546.0,834416788.0,2026Q2,2025Q4
3110543,중암중학교,골목상권,146441,890.0,485.0,4.0,27.0,146954160.0,0.0,1.0,0.0,0.0,,,,2026Q2,2025Q4
3110542,마포구청역 7번,골목상권,1320922,4831.0,2327.0,1552.0,123.0,200278636.0,1.0,1.0,0.0,1.0,0.0,0.0,424596769.0,2026Q2,2025Q4
3110541,동교초등학교,골목상권,1223448,4554.0,2167.0,958.0,119.0,195571379.0,1.0,3.0,0.0,1.0,0.0,36698399.0,489222508.0,2026Q2,2025Q4
3110540,망원나들목체육관,골목상권,633588,2699.0,1356.0,149.0,72.0,223631944.0,0.0,2.0,0.0,1.0,,,,2026Q2,2025Q4
3110539,미근동,골목상권,306288,437.0,315.0,1289.0,1.0,104275000.0,0.0,0.0,0.0,1.0,0.0,0.0,145697942.0,2026Q2,2025Q4
3110538,충정로역 3번,골목상권,410196,422.0,315.0,429.0,1.0,203111111.0,0.0,0.0,0.0,0.0,,,,2026Q2,2025Q4
3110537,충정로현대아파트,골목상권,566308,1012.0,631.0,1228.0,4.0,305215278.0,0.0,0.0,0.0,3.0,0.0,0.0,1177321413.0,2026Q2,2025Q4
3110536,돈의문센트레빌아파트입구,골목상권,113291,650.0,409.0,199.0,6.0,175376455.0,0.0,0.0,0.0,0.0,,,,2026Q2,2025Q4
3110535,영천시장입구,골목상권,820684,1201.0,695.0,201.0,23.0,161288276.0,0.0,0.0,0.0,1.0,,,,2026Q2,2025Q4
3110534,경기대학교,골목상권,647012,1478.0,825.0,194.0,27.0,536333581.0,,,,,,,,2026Q2,2025Q4
3110533,충정로역 7번,골목상권,4371141,984.0,614.0,90.0,4.0,370800000.0,,,,,,,,2026Q2,2025Q4
3110532,아현역 2번,골목상권,1150174,1680.0,942.0,426.0,26.0,458084540.0,0.0,1.0,0.0,0.0,,,,2026Q2,2025Q4
3110531,홍지문,골목상권,8495,411.0,248.0,326.0,4.0,103402462.0,0.0,0.0,2.0,0.0,,,,2026Q2,2025Q4
3110530,아현역 1번,골목상권,136689,245.0,162.0,130.0,,,0.0,2.0,0.0,0.0,,,,2026Q2,2025Q4
3110529,홍제3동주민센터,골목상권,780542,2946.0,1557.0,273.0,63.0,141798600.0,0.0,1.0,0.0,1.0,0.0,0.0,747396129.0,2026Q2,2025Q4
3110528,서울여자간호대학교,골목상권,730589,1567.0,732.0,170.0,31.0,175699175.0,1.0,2.0,0.0,0.0,,,,2026Q2,2025Q4
3110527,홍제역 2번,골목상권,593837,4722.0,2109.0,154.0,29.0,170248012.0,0.0,0.0,0.0,0.0,0.0,0.0,610766586.0,2026Q2,2025Q4
3110526,봉원사,골목상권,181632,1273.0,829.0,13.0,22.0,129642427.0,1.0,0.0,0.0,2.0,0.0,0.0,116407316.0,2026Q2,2025Q4
3110525,홍은종합사회복지관,골목상권,290255,558.0,247.0,952.0,4.0,221497096.0,0.0,2.0,0.0,0.0,,,,2026Q2,2025Q4
3110524,연희세브란스병원,골목상권,158624,261.0,199.0,69.0,3.0,126692857.0,0.0,0.0,0.0,0.0,,,,2026Q2,2025Q4
3110523,홍제성원아파트,골목상권,40743,457.0,217.0,21.0,6.0,184032143.0,0.0,0.0,0.0,0.0,,,,2026Q2,2025Q4
3110522,홍제역 3번,골목상권,207910,1260.0,665.0,349.0,36.0,158981167.0,0.0,0.0,0.0,0.0,,,,2026Q2,2025Q4
3110521,홍제역 4번,골목상권,617155,828.0,493.0,210.0,8.0,150645732.0,,,,,,,,2026Q2,2025Q4
3110520,경의중앙 신촌역,골목상권,1026775,1812.0,1384.0,56.0,22.0,119252096.0,1.0,0.0,0.0,0.0,,,,2026Q2,2025Q4
3110519,서대문구보건소별관,골목상권,1136331,3760.0,1680.0,673.0,117.0,145414848.0,0.0,4.0,0.0,0.0,0.0,283815803.0,398792393.0,2026Q2,2025Q4
3110518,서대문구청,골목상권,18699,473.0,233.0,566.0,1.0,270268519.0,,,,,,,,2026Q2,2025Q4
3110517,서대문소방서,골목상권,355176,800.0,414.0,526.0,23.0,425191040.0,0.0,1.0,5.0,0.0,0.0,75353982.0,0.0,2026Q2,2025Q4
3110516,정원여중,골목상권,41504,1053.0,472.0,199.0,43.0,117232251.0,1.0,1.0,0.0,0.0,,,,2026Q2,2025Q4
3110515,홍은중학교,골목상권,266752,2339.0,1140.0,184.0,88.0,130849103.0,0.0,0.0,0.0,0.0,,,,2026Q2,2025Q4
3110514,서대문우체국,골목상권,798955,2047.0,1666.0,49.0,20.0,138758820.0,0.0,0.0,0.0,0.0,0.0,0.0,68824490.0,2026Q2,2025Q4
3110513,연희파출소,골목상권,258851,919.0,477.0,1002.0,22.0,236343923.0,0.0,0.0,1.0,0.0,,,,2026Q2,2025Q4
3110512,연희지하차도,골목상권,1187810,3269.0,1732.0,1568.0,96.0,142199909.0,0.0,2.0,0.0,0.0,,,,2026Q2,2025Q4
3110511,연희초등학교,골목상권,927255,6151.0,4410.0,1005.0,99.0,202796351.0,0.0,0.0,0.0,0.0,0.0,0.0,980015217.0,2026Q2,2025Q4
3110510,홍연시장,골목상권,724961,954.0,476.0,407.0,21.0,157288375.0,0.0,1.0,0.0,1.0,,,,2026Q2,2025Q4
3110509,연희대우아파트앞,골목상권,975494,3512.0,2303.0,398.0,84.0,171483784.0,1.0,0.0,1.0,0.0,,,,2026Q2,2025Q4
3110508,서연중학교,골목상권,745459,1945.0,884.0,582.0,18.0,205716107.0,0.0,0.0,0.0,0.0,0.0,0.0,162971040.0,2026Q2,2025Q4
3110507,명지대학교,골목상권,1850910,5938.0,3405.0,912.0,165.0,144080632.0,0.0,3.0,0.0,1.0,0.0,45419704.0,334525116.0,2026Q2,2025Q4
3110506,연희임광아파트,골목상권,178470,527.0,352.0,279.0,12.0,134751955.0,0.0,4.0,2.0,0.0,0.0,102454367.0,0.0,2026Q2,2025Q4
3110505,홍남교남측,골목상권,25989,116.0,57.0,97.0,2.0,163731818.0,0.0,4.0,0.0,0.0,0.0,164412924.0,0.0,2026Q2,2025Q4
3110504,명지전문대,골목상권,121065,1546.0,542.0,75.0,5.0,125465495.0,0.0,1.0,0.0,0.0,,,,2026Q2,2025Q4
3110503,명지대학교교회,골목상권,1723590,5019.0,3145.0,1008.0,111.0,120521856.0,1.0,1.0,0.0,3.0,0.0,0.0,236030790.0,2026Q2,2025Q4
3110502,남가좌파출소,골목상권,1843757,3643.0,1898.0,386.0,59.0,148718089.0,2.0,3.0,0.0,2.0,0.0,820383400.0,941850799.0,2026Q2,2025Q4
3110501,연희어린이공원,골목상권,210082,1064.0,559.0,356.0,29.0,179047570.0,1.0,0.0,5.0,0.0,,,,2026Q2,2025Q4
3110500,남가좌동현대아파트,골목상권,207692,717.0,248.0,116.0,3.0,573363636.0,0.0,0.0,0.0,0.0,,,,2026Q2,2025Q4
3110499,연가초등학교,골목상권,1803803,5685.0,2679.0,129.0,193.0,138333765.0,0.0,0.0,0.0,2.0,0.0,0.0,792396724.0,2026Q2,2025Q4
3110498,증산역 1번,골목상권,2037645,3240.0,1622.0,162.0,102.0,154785222.0,0.0,3.0,1.0,0.0,0.0,76774763.0,997444557.0,2026Q2,2025Q4
3110497,가좌역 3번,골목상권,166932,255.0,224.0,704.0,,,,,,,,,,2026Q2,2025Q4
3110496,모래내우체국,골목상권,696367,1994.0,985.0,431.0,42.0,176083025.0,0.0,1.0,0.0,1.0,,,,2026Q2,2025Q4
3110495,북가좌2동주민센터,골목상권,1195657,5674.0,2811.0,446.0,208.0,162579486.0,1.0,4.0,0.0,0.0,0.0,96650255.0,232837439.0,2026Q2,2025Q4
3110494,증산3교남측,골목상권,192474,739.0,356.0,46.0,27.0,286281469.0,0.0,3.0,0.0,0.0,0.0,74175778.0,0.0,2026Q2,2025Q4
3110493,북가좌초등학교,골목상권,259962,1260.0,612.0,245.0,34.0,312962768.0,0.0,2.0,0.0,0.0,,,,2026Q2,2025Q4
3110492,하나고등학교,골목상권,13955,482.0,218.0,109.0,,,,,,,,,,2026Q2,2025Q4
3110491,불광중학교,골목상권,97943,1239.0,644.0,93.0,47.0,154026643.0,1.0,0.0,0.0,0.0,,,,2026Q2,2025Q4
3110490,녹번동근린공원,골목상권,520930,4929.0,2538.0,2101.0,129.0,147227786.0,0.0,1.0,0.0,0.0,,,,2026Q2,2025Q4
3110489,불광역 3번,골목상권,332815,1280.0,742.0,92.0,33.0,140428721.0,0.0,0.0,0.0,0.0,,,,2026Q2,2025Q4
3110488,우리은행응암동지점,골목상권,300699,3237.0,1536.0,299.0,90.0,162007504.0,0.0,0.0,0.0,0.0,,,,2026Q2,2025Q4
3110487,불광역 8번,골목상권,145586,442.0,333.0,470.0,2.0,149145833.0,0.0,0.0,0.0,0.0,,,,2026Q2,2025Q4
3110486,은평구청,골목상권,546024,1982.0,977.0,804.0,54.0,168102426.0,0.0,0.0,0.0,1.0,,,,2026Q2,2025Q4
3110485,연신내우체국,골목상권,403785,2615.0,1278.0,273.0,66.0,154433873.0,0.0,2.0,0.0,0.0,,,,2026Q2,2025Q4
3110484,역촌역 3번,골목상권,1100884,7845.0,4248.0,417.0,213.0,146499066.0,0.0,2.0,0.0,1.0,0.0,0.0,720834539.0,2026Q2,2025Q4
3110483,연천초등학교,골목상권,789573,3161.0,1701.0,80.0,82.0,144479235.0,0.0,0.0,0.0,1.0,0.0,0.0,154296319.0,2026Q2,2025Q4
3110482,연신초등학교,골목상권,301749,1116.0,515.0,341.0,26.0,150857051.0,,,,,,,,2026Q2,2025Q4
3110481,불광역 7번,골목상권,3123684,4279.0,2620.0,394.0,78.0,140247592.0,0.0,0.0,0.0,0.0,0.0,0.0,122856219.0,2026Q2,2025Q4
3110480,연신내역 3번,골목상권,205457,2983.0,1547.0,233.0,80.0,151377808.0,0.0,0.0,0.0,1.0,0.0,0.0,94407666.0,2026Q2,2025Q4
3110479,연신내역 2번,골목상권,898002,3497.0,1999.0,601.0,60.0,140530511.0,0.0,0.0,0.0,0.0,,,,2026Q2,2025Q4
3110478,응암1동주민센터,골목상권,272202,2818.0,1356.0,291.0,66.0,156676353.0,0.0,0.0,0.0,0.0,,,,2026Q2,2025Q4
3110477,은평세무서,골목상권,421012,3048.0,1502.0,847.0,81.0,170003960.0,1.0,0.0,1.0,3.0,0.0,0.0,73039821.0,2026Q2,2025Q4
3110476,역촌역 2번,골목상권,102796,1155.0,588.0,44.0,31.0,164519461.0,,,,,,,,2026Q2,2025Q4
3110475,백련산해모로아파트,골목상권,397607,2979.0,1382.0,209.0,74.0,145038303.0,0.0,1.0,0.0,2.0,0.0,0.0,546706654.0,2026Q2,2025Q4
3110474,세명컴퓨터고등학교,골목상권,803174,4433.0,2294.0,309.0,143.0,134826036.0,0.0,0.0,1.0,1.0,0.0,56189148.0,204511793.0,2026Q2,2025Q4
3110473,구산역 1번,골목상권,1487068,8492.0,4133.0,265.0,238.0,148346913.0,0.0,2.0,0.0,2.0,0.0,902451613.0,476125638.0,2026Q2,2025Q4
3110472,연신내역 4번,골목상권,1590371,5222.0,2821.0,254.0,124.0,158805357.0,0.0,1.0,0.0,0.0,0.0,81911207.0,168677214.0,2026Q2,2025Q4
3110471,응암동우체국,골목상권,1374036,4376.0,2188.0,451.0,81.0,152813059.0,3.0,1.0,1.0,0.0,,,,2026Q2,2025Q4
3110470,신진과학기술고등학교,골목상권,629042,2086.0,958.0,93.0,48.0,179049636.0,1.0,1.0,0.0,0.0,,,,2026Q2,2025Q4
3110469,응암정보도서관,골목상권,1086386,6550.0,3609.0,543.0,186.0,108942926.0,0.0,6.0,0.0,4.0,0.0,429819997.0,1607389645.0,2026Q2,2025Q4
3110468,응암역 3번,골목상권,2306203,10950.0,5283.0,1243.0,347.0,150704709.0,1.0,5.0,0.0,3.0,0.0,93106946.0,1129465910.0,2026Q2,2025Q4
3110467,은평요양병원,골목상권,309088,1229.0,783.0,384.0,22.0,158957103.0,0.0,0.0,0.0,2.0,0.0,0.0,396890206.0,2026Q2,2025Q4
3110466,구산역 2번,골목상권,678313,3985.0,1980.0,252.0,115.0,150022887.0,0.0,1.0,0.0,0.0,0.0,0.0,367266248.0,2026Q2,2025Q4
3110465,연신내역 7번,골목상권,1033613,2567.0,1357.0,356.0,53.0,169227405.0,0.0,0.0,0.0,0.0,0.0,0.0,343907382.0,2026Q2,2025Q4
3110464,연신내역 5번,골목상권,594919,3934.0,2009.0,535.0,107.0,148580457.0,1.0,2.0,0.0,0.0,,,,2026Q2,2025Q4
3110463,응암3동주민센터,골목상권,462239,1769.0,1015.0,135.0,36.0,146533975.0,0.0,1.0,0.0,0.0,,,,2026Q2,2025Q4
3110462,갈현건영아파트,골목상권,809386,2177.0,1093.0,266.0,154.0,235872100.0,1.0,1.0,0.0,0.0,,,,2026Q2,2025Q4
3110461,새절역 2번,골목상권,321290,1598.0,892.0,82.0,33.0,152162055.0,0.0,1.0,0.0,2.0,,,,2026Q2,2025Q4
3110460,구산역 4번,골목상권,1470271,5399.0,2499.0,887.0,160.0,158380895.0,0.0,1.0,0.0,3.0,0.0,0.0,651160493.0,2026Q2,2025Q4
3110459,응암역 2번,골목상권,1189873,4604.0,2074.0,616.0,122.0,163137636.0,0.0,0.0,0.0,1.0,,,,2026Q2,2025Q4
3110458,선일여고,골목상권,812997,4955.0,2268.0,381.0,161.0,152268987.0,1.0,0.0,0.0,1.0,0.0,0.0,179920488.0,2026Q2,2025Q4
3110457,예일여고,골목상권,751608,4391.0,2128.0,582.0,140.0,143746308.0,1.0,4.0,0.0,0.0,0.0,67361037.0,358107611.0,2026Q2,2025Q4
3110456,구산보건지소,골목상권,1398780,7748.0,3401.0,745.0,243.0,151448818.0,3.0,4.0,0.0,1.0,0.0,498526034.0,866145806.0,2026Q2,2025Q4
3110455,역촌노인복지관,골목상권,1395683,7228.0,3337.0,588.0,214.0,153161295.0,2.0,3.0,0.0,0.0,0.0,34941514.0,0.0,2026Q2,2025Q4
3110454,선정중학교,골목상권,912555,5641.0,2550.0,268.0,174.0,144478036.0,1.0,1.0,0.0,1.0,0.0,0.0,437471434.0,2026Q2,2025Q4
3110453,신사1동주민센터,골목상권,916788,7752.0,3965.0,878.0,228.0,150916301.0,1.0,7.0,1.0,0.0,0.0,72627194.0,783580321.0,2026Q2,2025Q4
3110452,새절역 3번,골목상권,693658,2575.0,1398.0,602.0,52.0,170113200.0,0.0,1.0,1.0,1.0,0.0,0.0,229219544.0,2026Q2,2025Q4
3110451,증산역 4번,골목상권,624233,4945.0,2400.0,541.0,114.0,303222343.0,1.0,1.0,0.0,1.0,,,,2026Q2,2025Q4
3110450,시립서북병원,골목상권,1954341,7492.0,3281.0,886.0,221.0,146292123.0,0.0,2.0,0.0,0.0,0.0,0.0,1834334282.0,2026Q2,2025Q4
3110449,증산역 3번,골목상권,933105,4695.0,2193.0,809.0,94.0,218894754.0,1.0,6.0,1.0,2.0,0.0,3880972.0,0.0,2026Q2,2025Q4
3110448,상신초등학교입구,골목상권,302129,2445.0,1138.0,77.0,55.0,152652023.0,0.0,0.0,0.0,0.0,,,,2026Q2,2025Q4
3110447,구산초등학교,골목상권,358356,1542.0,748.0,83.0,50.0,128503435.0,0.0,1.0,0.0,0.0,,,,2026Q2,2025Q4
3110446,내를건너서숲으로도서관,골목상권,315403,980.0,481.0,256.0,20.0,242090202.0,0.0,1.0,0.0,1.0,0.0,0.0,99000000.0,2026Q2,2025Q4
3110445,덕산중학교,골목상권,536342,1610.0,736.0,52.0,35.0,160626205.0,,,,,,,,2026Q2,2025Q4
3110444,수색성당,골목상권,178100,511.0,207.0,375.0,7.0,264696528.0,0.0,1.0,1.0,0.0,,,,2026Q2,2025Q4
3110443,수색역 1번,골목상권,246772,1741.0,607.0,51.0,,,,,,,,,,2026Q2,2025Q4
3110442,화랑대철도공원,골목상권,76434,435.0,294.0,101.0,4.0,162012500.0,0.0,1.0,0.0,0.0,,,,2026Q2,2025Q4
3110441,영신여고,골목상권,544460,2066.0,844.0,194.0,61.0,119905627.0,0.0,1.0,0.0,1.0,,,,2026Q2,2025Q4
3110440,상계3동4동주민센터,골목상권,139214,1391.0,734.0,105.0,31.0,148593873.0,0.0,2.0,0.0,1.0,,,,2026Q2,2025Q4
3110439,당고개역 5번,골목상권,746094,3406.0,1694.0,141.0,81.0,189837656.0,0.0,0.0,0.0,3.0,0.0,0.0,769922749.0,2026Q2,2025Q4
3110438,경춘선숲길 우측,골목상권,1639741,3633.0,2515.0,798.0,43.0,140171459.0,0.0,1.0,0.0,3.0,0.0,0.0,765905769.0,2026Q2,2025Q4
3110437,당고개역 2번,골목상권,1425724,2715.0,1171.0,254.0,18.0,237347729.0,0.0,2.0,0.0,0.0,0.0,54132139.0,0.0,2026Q2,2025Q4
3110436,상계제일중학교,골목상권,508247,1481.0,617.0,355.0,17.0,187711616.0,1.0,4.0,0.0,1.0,0.0,489266074.0,0.0,2026Q2,2025Q4
3110435,서울과학기술대,골목상권,120363,271.0,140.0,132.0,2.0,256805556.0,1.0,0.0,0.0,0.0,,,,2026Q2,2025Q4
3110434,태릉입구역 4번,골목상권,450600,1514.0,877.0,280.0,32.0,156339813.0,1.0,0.0,0.0,0.0,,,,2026Q2,2025Q4
3110433,공릉역 2번,골목상권,1163315,4192.0,2729.0,588.0,75.0,127726682.0,1.0,0.0,0.0,0.0,,,,2026Q2,2025Q4
3110432,대진고등학교,골목상권,259722,1757.0,894.0,905.0,31.0,137475212.0,0.0,4.0,0.0,0.0,0.0,762311490.0,0.0,2026Q2,2025Q4
3110431,상계역,골목상권,572276,885.0,477.0,627.0,5.0,164042407.0,0.0,0.0,0.0,2.0,,,,2026Q2,2025Q4
3110430,중계초등학교,골목상권,81464,32.0,17.0,214.0,,,0.0,1.0,0.0,0.0,,,,2026Q2,2025Q4
3110429,공릉동 국수거리,골목상권,1791050,4476.0,2460.0,2039.0,84.0,161073386.0,5.0,14.0,0.0,1.0,97073220.0,184226551.0,965056311.0,2026Q2,2025Q4
3110428,상계5동주민센터,골목상권,3691424,7846.0,4287.0,594.0,127.0,120024528.0,0.0,4.0,0.0,1.0,0.0,968935680.0,0.0,2026Q2,2025Q4
3110427,노원 을지대학교병원,골목상권,90668,558.0,217.0,89.0,9.0,271974524.0,1.0,2.0,0.0,0.0,,,,2026Q2,2025Q4
3110426,상계2동주민센터,골목상권,1466421,3670.0,2050.0,222.0,52.0,125196496.0,3.0,4.0,1.0,0.0,0.0,68373532.0,0.0,2026Q2,2025Q4
3110425,계상초등학교,골목상권,571027,3185.0,1574.0,307.0,60.0,119762319.0,0.0,6.0,0.0,0.0,0.0,96456824.0,422571504.0,2026Q2,2025Q4
3110424,상계초등학교,골목상권,2157652,2632.0,1306.0,145.0,38.0,151883922.0,1.0,1.0,0.0,1.0,,,,2026Q2,2025Q4
3110423,석계역 2번,골목상권,265122,465.0,243.0,249.0,3.0,255048889.0,0.0,2.0,0.0,3.0,0.0,0.0,164096418.0,2026Q2,2025Q4
3110422,노원역 9번,골목상권,821570,846.0,344.0,55.0,9.0,202230253.0,0.0,5.0,1.0,0.0,0.0,308539446.0,0.0,2026Q2,2025Q4
3110421,석계역 1번,골목상권,372207,564.0,335.0,415.0,32.0,139387158.0,0.0,1.0,0.0,1.0,0.0,0.0,390000000.0,2026Q2,2025Q4
3110420,광운대역 1번,골목상권,532735,1395.0,885.0,398.0,23.0,139270911.0,0.0,0.0,0.0,0.0,0.0,0.0,386337431.0,2026Q2,2025Q4
3110419,수락산디자인거리,골목상권,445397,2909.0,1386.0,1062.0,29.0,204465379.0,2.0,3.0,0.0,0.0,0.0,269771360.0,233556917.0,2026Q2,2025Q4
3110418,광운대학교 남단,골목상권,851358,1232.0,783.0,125.0,28.0,143491440.0,0.0,3.0,0.0,2.0,0.0,100211520.0,0.0,2026Q2,2025Q4
3110417,월계역 3번,골목상권,394765,947.0,581.0,29.0,10.0,134254167.0,0.0,0.0,0.0,0.0,,,,2026Q2,2025Q4
3110416,노원초등학교,골목상권,1068511,2336.0,921.0,602.0,36.0,177242676.0,1.0,3.0,0.0,1.0,0.0,382053985.0,418502910.0,2026Q2,2025Q4
3110415,수락산역 4번,골목상권,1788724,5008.0,2450.0,1942.0,106.0,156259344.0,1.0,7.0,0.0,1.0,0.0,285469294.0,936654028.0,2026Q2,2025Q4
3110414,장석교회,골목상권,153596,981.0,458.0,177.0,36.0,124214750.0,1.0,0.0,0.0,0.0,,,,2026Q2,2025Q4
3110413,누원고등학교,골목상권,83165,2227.0,1241.0,219.0,5.0,376300000.0,0.0,0.0,0.0,0.0,,,,2026Q2,2025Q4
3110412,창동중학교,골목상권,145170,361.0,157.0,124.0,12.0,134352799.0,0.0,1.0,2.0,0.0,,,,2026Q2,2025Q4
3110411,도봉역 3번,골목상권,650070,1414.0,761.0,386.0,16.0,150505164.0,,,,,,,,2026Q2,2025Q4
3110410,방학역 2번,골목상권,655036,2551.0,1735.0,1257.0,28.0,110937773.0,0.0,6.0,2.0,2.0,0.0,295288900.0,626323227.0,2026Q2,2025Q4
3110409,창동역 2번,골목상권,552557,2549.0,1231.0,1140.0,48.0,141988149.0,1.0,0.0,0.0,1.0,0.0,0.0,171883345.0,2026Q2,2025Q4
3110408,가인초등학교,골목상권,255607,1332.0,759.0,1022.0,14.0,184031602.0,2.0,2.0,0.0,4.0,0.0,0.0,676903479.0,2026Q2,2025Q4
3110407,도봉역 2번,골목상권,988834,5783.0,3190.0,499.0,123.0,106913924.0,0.0,10.0,1.0,2.0,0.0,363706306.0,919318655.0,2026Q2,2025Q4
3110406,도봉산역 1번,골목상권,264994,1539.0,817.0,274.0,37.0,106230827.0,0.0,2.0,3.0,2.0,0.0,0.0,599369147.0,2026Q2,2025Q4
3110405,방학역 1번,골목상권,1015960,6368.0,3408.0,1051.0,86.0,117123614.0,0.0,1.0,0.0,0.0,0.0,0.0,676065009.0,2026Q2,2025Q4
3110404,신창초등학교,골목상권,2731955,9453.0,4749.0,390.0,162.0,128141654.0,6.0,12.0,1.0,1.0,16971730.0,94221277.0,266787377.0,2026Q2,2025Q4
3110403,방학1동주민센터,골목상권,1400030,5450.0,2911.0,1436.0,62.0,132406590.0,1.0,1.0,0.0,2.0,0.0,0.0,1142822851.0,2026Q2,2025Q4
3110402,도봉구 정병원,골목상권,447397,2962.0,1443.0,389.0,58.0,128376056.0,0.0,4.0,1.0,1.0,0.0,1305742406.0,360099325.0,2026Q2,2025Q4
3110401,도봉구민회관,골목상권,174348,605.0,313.0,689.0,19.0,97137276.0,0.0,1.0,0.0,1.0,,,,2026Q2,2025Q4
3110400,도봉구보건소,골목상권,1135344,3573.0,1717.0,330.0,81.0,130816765.0,2.0,2.0,2.0,1.0,0.0,282228629.0,0.0,2026Q2,2025Q4
3110399,창2동주민센터,골목상권,1570935,7540.0,3401.0,715.0,177.0,129202519.0,1.0,1.0,0.0,5.0,0.0,1966687.0,1152061101.0,2026Q2,2025Q4
3110398,쌍문2동우체국,골목상권,1101979,2871.0,1402.0,415.0,69.0,117206493.0,1.0,3.0,1.0,0.0,0.0,81438211.0,321676945.0,2026Q2,2025Q4
3110397,도봉산입구,골목상권,1492081,6992.0,3589.0,497.0,208.0,98598987.0,0.0,2.0,0.0,1.0,0.0,0.0,1519820067.0,2026Q2,2025Q4
3110396,쌍문역1번(쌍리단길),골목상권,565981,1996.0,1193.0,382.0,34.0,122073716.0,0.0,1.0,0.0,1.0,0.0,0.0,2051266887.0,2026Q2,2025Q4
3110395,신한은행 방학동지점,골목상권,345389,1314.0,685.0,321.0,18.0,107814831.0,0.0,3.0,1.0,0.0,0.0,49090750.0,0.0,2026Q2,2025Q4
3110394,방학중학교,골목상권,961883,6414.0,3164.0,141.0,121.0,122902818.0,0.0,3.0,0.0,1.0,0.0,84763352.0,303418901.0,2026Q2,2025Q4
3110393,국민은행방학지점,골목상권,35125,225.0,109.0,429.0,5.0,110297000.0,1.0,1.0,0.0,0.0,,,,2026Q2,2025Q4
3110392,발바닥공원,골목상권,94507,122.0,51.0,265.0,3.0,93897222.0,,,,,,,,2026Q2,2025Q4
3110391,샘말어린이공원,골목상권,519687,4423.0,2087.0,90.0,125.0,119174359.0,0.0,2.0,0.0,2.0,,,,2026Q2,2025Q4
3110390,방학초등학교,골목상권,421883,1621.0,739.0,573.0,27.0,124660855.0,0.0,3.0,2.0,2.0,0.0,81181029.0,249059996.0,2026Q2,2025Q4
3110389,한일병원,골목상권,410915,1068.0,552.0,257.0,18.0,134558353.0,1.0,3.0,0.0,0.0,0.0,814598789.0,0.0,2026Q2,2025Q4
3110388,도봉우체국,골목상권,588728,2546.0,1215.0,100.0,64.0,111441561.0,0.0,2.0,0.0,1.0,,,,2026Q2,2025Q4
3110387,쌍문초등학교,골목상권,1428852,4838.0,2255.0,319.0,130.0,111465218.0,0.0,2.0,2.0,1.0,0.0,0.0,820422588.0,2026Q2,2025Q4
3110386,연산군묘,골목상권,15560,307.0,141.0,149.0,17.0,94513818.0,0.0,0.0,0.0,0.0,,,,2026Q2,2025Q4
3110385,효문고등학교,골목상권,145442,1494.0,766.0,28.0,30.0,118343661.0,0.0,0.0,0.0,0.0,,,,2026Q2,2025Q4
3110384,문이교,골목상권,78787,1597.0,651.0,28.0,41.0,160173539.0,1.0,0.0,0.0,0.0,,,,2026Q2,2025Q4
3110383,덕성여대시반거리,골목상권,123419,634.0,385.0,259.0,9.0,120382206.0,0.0,0.0,0.0,2.0,0.0,0.0,785356679.0,2026Q2,2025Q4
3110382,솔밭공원역 1번,골목상권,570324,755.0,385.0,155.0,17.0,150629977.0,,,,,,,,2026Q2,2025Q4
3110381,번동주공2단지,골목상권,368511,879.0,437.0,262.0,3.0,185472222.0,0.0,0.0,1.0,1.0,,,,2026Q2,2025Q4
3110380,강북문화정보도서관,골목상권,465863,2028.0,1040.0,3.0,134.0,92540210.0,0.0,1.0,0.0,0.0,,,,2026Q2,2025Q4
3110379,KTNG 북부지사,골목상권,196821,590.0,327.0,32.0,5.0,183036364.0,1.0,0.0,0.0,0.0,,,,2026Q2,2025Q4
3110378,송중동주민센터,골목상권,974307,1774.0,1011.0,59.0,25.0,162979917.0,1.0,0.0,0.0,1.0,,,,2026Q2,2025Q4
3110377,미아사거리역 3번,골목상권,571419,573.0,357.0,50.0,3.0,170127778.0,0.0,2.0,0.0,0.0,,,,2026Q2,2025Q4
3110376,수송초등학교,골목상권,2264937,7466.0,4291.0,238.0,108.0,120939755.0,1.0,3.0,0.0,3.0,0.0,473536158.0,706965919.0,2026Q2,2025Q4
3110375,서울북부고용노동지청,골목상권,681293,2180.0,1121.0,292.0,64.0,109136990.0,1.0,1.0,2.0,1.0,,,,2026Q2,2025Q4
3110374,송중초등학교,골목상권,2024081,5309.0,2625.0,218.0,83.0,168111067.0,1.0,7.0,3.0,0.0,0.0,292255792.0,0.0,2026Q2,2025Q4
3110373,수유역 2번,골목상권,1434640,3054.0,1991.0,228.0,30.0,127681246.0,0.0,1.0,0.0,0.0,,,,2026Q2,2025Q4
3110372,강북중학교,골목상권,1337763,2785.0,1683.0,149.0,61.0,118067445.0,0.0,0.0,1.0,1.0,0.0,0.0,123602768.0,2026Q2,2025Q4
3110371,삼양입구사거리,골목상권,844383,1517.0,917.0,61.0,25.0,178921654.0,0.0,1.0,0.0,0.0,,,,2026Q2,2025Q4
3110370,도봉세무서,골목상권,981603,2766.0,1468.0,123.0,43.0,165323908.0,1.0,7.0,0.0,1.0,0.0,1776355036.0,302444992.0,2026Q2,2025Q4
3110369,성신여대운정그린캠퍼스,골목상권,1146417,4420.0,2624.0,270.0,70.0,136196528.0,3.0,2.0,0.0,4.0,9085099.0,0.0,299794146.0,2026Q2,2025Q4
3110368,송천초등학교,골목상권,1989064,3170.0,1749.0,32.0,35.0,196670626.0,,,,,,,,2026Q2,2025Q4
3110367,강북구청,골목상권,1215615,1714.0,1051.0,470.0,14.0,125210357.0,2.0,1.0,0.0,0.0,0.0,0.0,465000783.0,2026Q2,2025Q4
3110366,광산사거리,골목상권,556632,1971.0,1114.0,112.0,27.0,120282010.0,0.0,4.0,0.0,1.0,0.0,224551237.0,195582462.0,2026Q2,2025Q4
3110365,미아역 5번,골목상권,1960606,4530.0,2395.0,35.0,81.0,160998647.0,1.0,3.0,0.0,1.0,0.0,71805563.0,445928430.0,2026Q2,2025Q4
3110364,미아역 8번,골목상권,2027374,3975.0,2188.0,92.0,66.0,148698823.0,0.0,1.0,0.0,1.0,0.0,0.0,500266135.0,2026Q2,2025Q4
3110363,송천동주민센터,골목상권,384949,672.0,409.0,20.0,3.0,288210714.0,0.0,1.0,0.0,2.0,,,,2026Q2,2025Q4
3110362,우이천 계성교,골목상권,637641,5242.0,2592.0,406.0,149.0,127186527.0,1.0,0.0,0.0,0.0,0.0,0.0,662918002.0,2026Q2,2025Q4
3110361,삼양사거리역 1번,골목상권,936811,2139.0,1169.0,40.0,41.0,162887650.0,0.0,0.0,0.0,1.0,0.0,0.0,118193809.0,2026Q2,2025Q4
3110360,수유초등학교,골목상권,1177301,3871.0,2226.0,302.0,64.0,133033770.0,2.0,6.0,1.0,2.0,0.0,112057966.0,540697364.0,2026Q2,2025Q4
3110359,수유시장옆,골목상권,1208092,6065.0,3273.0,119.0,129.0,124294071.0,1.0,2.0,0.0,1.0,,,,2026Q2,2025Q4
3110358,인수동 우편취급국,골목상권,1013719,3403.0,1924.0,632.0,90.0,123805536.0,1.0,4.0,0.0,1.0,0.0,238332462.0,0.0,2026Q2,2025Q4
3110357,가오리역 1번,골목상권,758979,1443.0,700.0,259.0,19.0,154435743.0,0.0,2.0,0.0,1.0,,,,2026Q2,2025Q4
3110356,덕수교,골목상권,819638,3123.0,1687.0,218.0,79.0,122607182.0,0.0,1.0,0.0,0.0,,,,2026Q2,2025Q4
3110355,삼양사거리역 2번,골목상권,1164016,2811.0,1607.0,35.0,34.0,124912940.0,0.0,0.0,5.0,0.0,,,,2026Q2,2025Q4
3110354,삼각산119안전센터,골목상권,75869,196.0,88.0,180.0,1.0,538750000.0,0.0,0.0,0.0,0.0,,,,2026Q2,2025Q4
3110353,수유동우체국,골목상권,856606,2141.0,1124.0,246.0,49.0,121999192.0,5.0,4.0,1.0,1.0,1137441.0,261955375.0,36000000.0,2026Q2,2025Q4
3110352,수유1동주민센터,골목상권,1538129,4445.0,2207.0,233.0,125.0,131836451.0,0.0,1.0,0.0,3.0,0.0,0.0,348742677.0,2026Q2,2025Q4
3110351,수유북부시장옆,골목상권,477023,2757.0,1374.0,368.0,71.0,132211583.0,0.0,1.0,0.0,0.0,,,,2026Q2,2025Q4
3110350,가오리역 2번,골목상권,579618,2684.0,1295.0,258.0,62.0,136031264.0,0.0,2.0,0.0,0.0,,,,2026Q2,2025Q4
3110349,화계역 2번,골목상권,488435,1032.0,498.0,44.0,29.0,128349544.0,0.0,0.0,0.0,0.0,,,,2026Q2,2025Q4
3110348,강북문화예술회관,골목상권,1727532,3630.0,1723.0,401.0,84.0,127586184.0,0.0,1.0,0.0,1.0,0.0,0.0,149928277.0,2026Q2,2025Q4
3110347,구세군강북종합사회복지관,골목상권,168013,1294.0,638.0,4.0,42.0,120274267.0,1.0,0.0,0.0,0.0,,,,2026Q2,2025Q4
3110346,4.19민주묘지역 2번,골목상권,941771,1116.0,605.0,239.0,26.0,123292184.0,0.0,1.0,0.0,1.0,0.0,0.0,242763226.0,2026Q2,2025Q4
3110345,솔밭공원역 2번,골목상권,492277,2808.0,1451.0,397.0,94.0,129517148.0,1.0,2.0,0.0,0.0,,,,2026Q2,2025Q4
3110344,화계중학교,골목상권,373426,988.0,503.0,56.0,22.0,117619258.0,0.0,0.0,0.0,1.0,,,,2026Q2,2025Q4
3110343,무너미어린이공원,골목상권,592777,4359.0,1976.0,186.0,123.0,143376585.0,0.0,1.0,0.0,0.0,0.0,0.0,48624592.0,2026Q2,2025Q4
3110342,국립재활원,골목상권,1074535,2500.0,1166.0,114.0,71.0,127018224.0,0.0,1.0,0.0,0.0,0.0,0.0,113656519.0,2026Q2,2025Q4
3110341,북한산우이역 2번,골목상권,262640,2145.0,1021.0,453.0,86.0,143911723.0,0.0,1.0,0.0,0.0,0.0,0.0,594005965.0,2026Q2,2025Q4
3110340,인수중학교,골목상권,322005,1381.0,665.0,284.0,33.0,116540113.0,0.0,0.0,0.0,0.0,,,,2026Q2,2025Q4
3110339,국립4.19민주묘지,골목상권,32943,37.0,19.0,137.0,,,,,,,,,,2026Q2,2025Q4
3110338,인수초등학교,골목상권,159343,1759.0,1027.0,91.0,80.0,95723049.0,,,,,,,,2026Q2,2025Q4
3110337,아카데미하우스,골목상권,448554,2792.0,1227.0,454.0,75.0,167324107.0,0.0,0.0,0.0,0.0,,,,2026Q2,2025Q4
3110336,석관고등학교,골목상권,401814,2169.0,1115.0,201.0,31.0,176711728.0,0.0,0.0,0.0,0.0,,,,2026Q2,2025Q4
3110335,석계역 7번,골목상권,1861206,3966.0,2240.0,350.0,64.0,159893453.0,0.0,3.0,1.0,1.0,0.0,271293168.0,1520972976.0,2026Q2,2025Q4
3110334,석관중앙교회,골목상권,1925259,2521.0,1362.0,136.0,10.0,161896970.0,0.0,2.0,0.0,0.0,0.0,32191599.0,0.0,2026Q2,2025Q4
3110333,돌곶이역 5번,골목상권,484049,1329.0,712.0,232.0,30.0,147068921.0,0.0,0.0,0.0,2.0,,,,2026Q2,2025Q4
3110332,돌곶이역 3번,골목상권,453637,744.0,434.0,152.0,5.0,185828207.0,0.0,1.0,0.0,0.0,,,,2026Q2,2025Q4
3110331,돌곶이역 8번,골목상권,1224057,3171.0,1838.0,289.0,56.0,123584730.0,0.0,0.0,0.0,0.0,,,,2026Q2,2025Q4
3110330,돌곶이역 1번,골목상권,1014945,2096.0,1039.0,225.0,32.0,197020933.0,0.0,3.0,0.0,0.0,,,,2026Q2,2025Q4
3110329,우리은행체육관,골목상권,789969,2375.0,1260.0,252.0,44.0,174888432.0,0.0,1.0,2.0,0.0,,,,2026Q2,2025Q4
3110328,상월곡역 3번,골목상권,809922,2155.0,1202.0,1784.0,36.0,160706674.0,1.0,4.0,1.0,0.0,0.0,564081905.0,353107809.0,2026Q2,2025Q4
3110327,상월곡역 2번,골목상권,1628503,3246.0,1556.0,341.0,56.0,185717452.0,1.0,1.0,1.0,1.0,,,,2026Q2,2025Q4
3110326,장위동성당,골목상권,263674,1251.0,585.0,52.0,30.0,159733481.0,0.0,0.0,0.0,0.0,,,,2026Q2,2025Q4
3110325,장곡초등학교,골목상권,933327,3333.0,1662.0,166.0,68.0,162795093.0,2.0,4.0,0.0,0.0,0.0,80078663.0,513382388.0,2026Q2,2025Q4
3110324,월곡역 4번,골목상권,140122,555.0,406.0,964.0,6.0,106097963.0,,,,,,,,2026Q2,2025Q4
3110323,상월곡역 1번,골목상권,1402871,2239.0,1544.0,478.0,15.0,174112163.0,0.0,2.0,0.0,0.0,,,,2026Q2,2025Q4
3110322,장위1동주민센터,골목상권,772782,2841.0,1258.0,147.0,97.0,164613072.0,1.0,1.0,5.0,0.0,,,,2026Q2,2025Q4
3110321,동덕여대,골목상권,4607,246.0,137.0,19.0,3.0,171362121.0,0.0,0.0,0.0,0.0,,,,2026Q2,2025Q4
3110320,KB국민은행 종암동지점,골목상권,139454,882.0,463.0,3150.0,17.0,168748473.0,2.0,1.0,1.0,0.0,,,,2026Q2,2025Q4
3110319,종암동주민센터,골목상권,1374520,2802.0,1490.0,3849.0,32.0,209105073.0,0.0,1.0,0.0,0.0,,,,2026Q2,2025Q4
3110318,KT월곡지사,골목상권,1731127,1966.0,1007.0,337.0,35.0,192081783.0,1.0,2.0,1.0,1.0,0.0,182306759.0,0.0,2026Q2,2025Q4
3110317,종암중학교,골목상권,811881,2483.0,1810.0,1818.0,21.0,212331768.0,0.0,0.0,0.0,0.0,0.0,0.0,650629691.0,2026Q2,2025Q4
3110316,숭곡초등학교,골목상권,2680498,4229.0,2309.0,961.0,23.0,176855168.0,2.0,8.0,0.0,1.0,0.0,136544487.0,0.0,2026Q2,2025Q4
3110315,종암아이파크2차,골목상권,1603754,2834.0,1411.0,4612.0,51.0,170904496.0,2.0,1.0,0.0,0.0,,,,2026Q2,2025Q4
3110314,종암경찰서,골목상권,811715,1008.0,573.0,4425.0,12.0,152645860.0,0.0,0.0,3.0,0.0,,,,2026Q2,2025Q4
3110313,안암역 3번,골목상권,1988247,1322.0,1103.0,442.0,9.0,92107368.0,2.0,1.0,2.0,3.0,0.0,0.0,1745212857.0,2026Q2,2025Q4
3110312,안암역 2번,골목상권,603805,1793.0,1437.0,593.0,7.0,99822641.0,0.0,0.0,0.0,0.0,0.0,0.0,329148065.0,2026Q2,2025Q4
3110311,종암아이파크2차후문,골목상권,71912,1090.0,539.0,120.0,25.0,147470169.0,,,,,,,,2026Q2,2025Q4
3110310,길음역 10번,골목상권,65617,235.0,160.0,63.0,1.0,288333333.0,,,,,,,,2026Q2,2025Q4
3110309,대광초등학교,골목상권,482671,1505.0,925.0,266.0,16.0,236687602.0,0.0,0.0,0.0,0.0,,,,2026Q2,2025Q4
3110308,길음역 8번,골목상권,791075,1485.0,789.0,54.0,8.0,237238333.0,0.0,3.0,1.0,0.0,0.0,22623287.0,0.0,2026Q2,2025Q4
3110307,길음역 7번,골목상권,684647,231.0,114.0,2566.0,1.0,577166667.0,0.0,0.0,0.0,0.0,,,,2026Q2,2025Q4
3110306,미아초등학교,골목상권,171101,1100.0,523.0,776.0,12.0,199733097.0,2.0,0.0,0.0,0.0,,,,2026Q2,2025Q4
3110305,보문역 5번,골목상권,2001068,3664.0,2266.0,1334.0,37.0,180724718.0,1.0,1.0,0.0,0.0,,,,2026Q2,2025Q4
3110304,보문역 4번,골목상권,1006695,3029.0,1657.0,774.0,22.0,114445607.0,0.0,2.0,2.0,2.0,0.0,0.0,1253325510.0,2026Q2,2025Q4
3110303,성신여대입구역 1번,골목상권,1336115,3078.0,2155.0,314.0,40.0,140650812.0,0.0,0.0,0.0,2.0,0.0,0.0,338209684.0,2026Q2,2025Q4
3110302,보문역 8번,골목상권,220385,1966.0,1207.0,1606.0,12.0,153434628.0,0.0,3.0,1.0,0.0,0.0,182265408.0,0.0,2026Q2,2025Q4
3110301,성신여대입구역 7번,골목상권,1504406,3174.0,2013.0,257.0,48.0,184335536.0,0.0,0.0,0.0,0.0,,,,2026Q2,2025Q4
3110300,삼선동주민센터,골목상권,3464473,4390.0,3082.0,551.0,39.0,114912922.0,0.0,1.0,0.0,0.0,,,,2026Q2,2025Q4
3110299,정릉역 1번,골목상권,1813635,3193.0,1675.0,584.0,32.0,201025397.0,0.0,8.0,0.0,2.0,0.0,395376659.0,512463279.0,2026Q2,2025Q4
3110298,솔숲어린이공원,골목상권,288095,591.0,300.0,88.0,13.0,173820055.0,,,,,,,,2026Q2,2025Q4
3110297,경동고등학교,골목상권,2327871,6235.0,3533.0,1389.0,122.0,171871907.0,2.0,3.0,0.0,0.0,0.0,52287968.0,869405578.0,2026Q2,2025Q4
3110296,성신여대입구역 4번,골목상권,881876,1786.0,979.0,624.0,32.0,188570040.0,0.0,2.0,0.0,0.0,,,,2026Q2,2025Q4
3110295,정릉우체국,골목상권,871078,5006.0,2383.0,355.0,135.0,159374764.0,2.0,3.0,0.0,0.0,0.0,968167967.0,178007510.0,2026Q2,2025Q4
3110294,서경대학교,골목상권,1164169,6496.0,3154.0,468.0,183.0,138650368.0,1.0,0.0,1.0,0.0,,,,2026Q2,2025Q4
3110293,삼선중학교,골목상권,1531387,2349.0,1346.0,6443.0,44.0,169600401.0,0.0,2.0,0.0,2.0,0.0,0.0,171256076.0,2026Q2,2025Q4
3110292,정릉역 2번,골목상권,277064,476.0,318.0,161.0,3.0,192833333.0,0.0,1.0,0.0,0.0,,,,2026Q2,2025Q4
3110291,한성대입구역 3번,골목상권,2228293,4083.0,2297.0,462.0,37.0,161753283.0,0.0,0.0,0.0,1.0,,,,2026Q2,2025Q4
3110290,북한산보국문역 1번,골목상권,173284,1237.0,654.0,199.0,24.0,143366650.0,0.0,0.0,0.0,0.0,,,,2026Q2,2025Q4
3110289,북한산보국문역 2번,골목상권,1388215,5270.0,2699.0,98.0,83.0,161533225.0,1.0,5.0,0.0,0.0,0.0,371083049.0,0.0,2026Q2,2025Q4
3110288,동구여중,골목상권,208955,1904.0,938.0,1888.0,60.0,227633131.0,0.0,2.0,0.0,1.0,,,,2026Q2,2025Q4
3110287,정릉3동주민센터,골목상권,206862,1545.0,943.0,109.0,41.0,118019382.0,0.0,0.0,0.0,0.0,,,,2026Q2,2025Q4
3110286,한성대입구역 5번,골목상권,903334,2415.0,1298.0,4146.0,47.0,222753405.0,0.0,0.0,0.0,2.0,0.0,0.0,267189255.0,2026Q2,2025Q4
3110285,홍대부중,골목상권,156107,1943.0,960.0,1777.0,40.0,222145159.0,1.0,0.0,0.0,1.0,0.0,0.0,92473428.0,2026Q2,2025Q4
3110284,정릉북한산국립공원입구,골목상권,82180,1335.0,621.0,259.0,42.0,130178097.0,0.0,0.0,1.0,0.0,,,,2026Q2,2025Q4
3110283,성북초등학교앞,골목상권,165333,460.0,233.0,890.0,5.0,151480556.0,0.0,1.0,0.0,0.0,,,,2026Q2,2025Q4
3110282,국민대학교앞,골목상권,22052,824.0,572.0,62.0,13.0,141001316.0,0.0,0.0,0.0,0.0,,,,2026Q2,2025Q4
3110281,길상사,골목상권,67344,1072.0,455.0,1428.0,11.0,1209874635.0,,,,,,,,2026Q2,2025Q4
3110280,북정마을,골목상권,241849,645.0,354.0,754.0,1.0,349166667.0,,,,,,,,2026Q2,2025Q4
3110279,신내역 2번,골목상권,17378,19.0,14.0,1004.0,,,0.0,0.0,2.0,2.0,,,,2026Q2,2025Q4
3110278,망우본동주민센터,골목상권,666783,3439.0,2030.0,366.0,19.0,136228884.0,3.0,4.0,1.0,1.0,0.0,42188727.0,388896202.0,2026Q2,2025Q4
3110277,러스크서울병원,골목상권,649468,3349.0,1745.0,357.0,32.0,161619241.0,0.0,3.0,1.0,2.0,0.0,6801543.0,625411834.0,2026Q2,2025Q4
3110276,신내IC북측,골목상권,47233,549.0,280.0,253.0,5.0,130617214.0,0.0,1.0,0.0,0.0,,,,2026Q2,2025Q4
3110275,하나은행 망우동지점,골목상권,498685,777.0,452.0,175.0,8.0,139410118.0,0.0,2.0,0.0,1.0,,,,2026Q2,2025Q4
3110274,서일대학교,골목상권,1418664,6214.0,3257.0,329.0,78.0,140016696.0,0.0,3.0,0.0,2.0,0.0,44605776.0,295710538.0,2026Q2,2025Q4
3110273,장스여성병원,골목상권,690126,2146.0,1202.0,349.0,24.0,151488756.0,1.0,1.0,0.0,1.0,,,,2026Q2,2025Q4
3110272,신내1동주민센터,골목상권,1251103,3297.0,1472.0,976.0,40.0,171725354.0,3.0,4.0,0.0,0.0,0.0,213208342.0,0.0,2026Q2,2025Q4
3110271,신내역 1번,골목상권,80847,246.0,122.0,178.0,1.0,172566667.0,0.0,1.0,1.0,0.0,,,,2026Q2,2025Q4
3110270,혜원여고,골목상권,220340,1078.0,532.0,54.0,13.0,153149424.0,1.0,0.0,0.0,0.0,,,,2026Q2,2025Q4
3110269,용마문화복지센터,골목상권,625714,1473.0,860.0,283.0,17.0,149923662.0,1.0,3.0,0.0,0.0,0.0,42000000.0,0.0,2026Q2,2025Q4
3110268,망우3동주민센터,골목상권,540800,2335.0,1300.0,91.0,27.0,145159579.0,3.0,7.0,1.0,0.0,0.0,267210819.0,0.0,2026Q2,2025Q4
3110267,망우역 2번,골목상권,1383295,4232.0,2076.0,369.0,97.0,166933631.0,1.0,0.0,0.0,3.0,0.0,0.0,234254258.0,2026Q2,2025Q4
3110266,면목동우체국,골목상권,1341327,5054.0,2780.0,299.0,67.0,155501256.0,0.0,0.0,0.0,0.0,,,,2026Q2,2025Q4
3110265,망우역 1번,골목상권,599928,978.0,507.0,505.0,10.0,186568040.0,0.0,3.0,0.0,3.0,0.0,11498047.0,0.0,2026Q2,2025Q4
3110264,면목역 2번,골목상권,3059985,9287.0,4959.0,264.0,160.0,155782725.0,1.0,0.0,0.0,4.0,0.0,0.0,1717533877.0,2026Q2,2025Q4
3110263,면목역 1번,골목상권,1663379,7002.0,3874.0,87.0,104.0,145819797.0,0.0,1.0,0.0,1.0,0.0,0.0,448873536.0,2026Q2,2025Q4
3110262,상봉역 3번,골목상권,1334314,5036.0,3277.0,628.0,81.0,161035103.0,0.0,5.0,0.0,1.0,0.0,557814899.0,1350239922.0,2026Q2,2025Q4
3110261,사가정역 4번,골목상권,1415675,4666.0,2655.0,204.0,63.0,159097937.0,3.0,0.0,0.0,1.0,3099975.0,0.0,394170498.0,2026Q2,2025Q4
3110260,면목역 3번,골목상권,1292518,2133.0,1262.0,102.0,35.0,153262483.0,2.0,2.0,0.0,0.0,,,,2026Q2,2025Q4
3110259,사가정역 1번,골목상권,1270401,3699.0,2178.0,381.0,34.0,151603594.0,0.0,0.0,0.0,0.0,,,,2026Q2,2025Q4
3110258,면동초등학교,골목상권,763677,5352.0,2974.0,183.0,64.0,172232520.0,0.0,1.0,0.0,0.0,,,,2026Q2,2025Q4
3110257,상봉역 7번,골목상권,1776009,3983.0,2132.0,256.0,64.0,179777645.0,0.0,2.0,0.0,0.0,0.0,0.0,204726278.0,2026Q2,2025Q4
3110256,면목2동체육관,골목상권,1876994,7559.0,3929.0,307.0,118.0,157656207.0,2.0,3.0,5.0,1.0,0.0,602201927.0,0.0,2026Q2,2025Q4
3110255,상봉역 4번,골목상권,2356487,5805.0,3492.0,789.0,88.0,157171976.0,1.0,5.0,1.0,0.0,0.0,435013901.0,1060047146.0,2026Q2,2025Q4
3110254,오거리공원,골목상권,2709643,6579.0,3402.0,300.0,64.0,173340575.0,2.0,5.0,0.0,1.0,0.0,117506892.0,650174875.0,2026Q2,2025Q4
3110253,중곡초등학교,골목상권,740127,3060.0,1669.0,446.0,31.0,168972650.0,0.0,3.0,0.0,2.0,0.0,0.0,627067301.0,2026Q2,2025Q4
3110252,장안제일시장,골목상권,960109,4449.0,2189.0,693.0,66.0,156946665.0,2.0,3.0,2.0,0.0,0.0,1835985816.0,0.0,2026Q2,2025Q4
3110251,장안중학교,골목상권,659628,3788.0,1879.0,378.0,75.0,152115744.0,1.0,1.0,0.0,3.0,0.0,0.0,255571888.0,2026Q2,2025Q4
3110250,화랑대역 7번,골목상권,351925,1426.0,699.0,173.0,22.0,152406869.0,1.0,0.0,0.0,1.0,,,,2026Q2,2025Q4
3110249,중화역 1번,골목상권,1315022,6058.0,2939.0,792.0,133.0,165883083.0,6.0,5.0,0.0,1.0,5723469.0,460443730.0,96520126.0,2026Q2,2025Q4
3110248,먹골파출소,골목상권,496926,1530.0,771.0,138.0,44.0,155064611.0,1.0,3.0,0.0,0.0,0.0,415562084.0,0.0,2026Q2,2025Q4
3110247,먹골역 1번,골목상권,1992957,5635.0,3036.0,635.0,150.0,152399515.0,0.0,0.0,0.0,0.0,0.0,0.0,574835540.0,2026Q2,2025Q4
3110246,월드순복음교회,골목상권,1035671,3021.0,1730.0,721.0,40.0,157935236.0,1.0,9.0,0.0,1.0,0.0,60108938.0,175578219.0,2026Q2,2025Q4
3110245,KB국민은행 중화동지점,골목상권,512947,1923.0,1164.0,28.0,19.0,139956021.0,0.0,0.0,0.0,0.0,,,,2026Q2,2025Q4
3110244,중화역 4번,골목상권,948622,1619.0,813.0,176.0,15.0,212060024.0,0.0,1.0,0.0,0.0,,,,2026Q2,2025Q4
3110243,중랑노인종합복지관,골목상권,660463,4334.0,2188.0,190.0,49.0,175036096.0,2.0,3.0,0.0,3.0,0.0,215301427.0,846753428.0,2026Q2,2025Q4
3110242,면목5동주민센터,골목상권,552426,3960.0,1981.0,269.0,79.0,143246069.0,0.0,3.0,1.0,1.0,0.0,87202772.0,309369316.0,2026Q2,2025Q4
3110241,먹골역 5번,골목상권,851877,2744.0,1574.0,651.0,34.0,157050935.0,0.0,4.0,1.0,1.0,0.0,213583708.0,0.0,2026Q2,2025Q4
3110240,태릉시장 특화거리,골목상권,469192,1285.0,744.0,18.0,7.0,168556494.0,0.0,0.0,0.0,0.0,,,,2026Q2,2025Q4
3110239,중랑역 2번,골목상권,161847,234.0,153.0,4.0,,,0.0,0.0,0.0,1.0,,,,2026Q2,2025Q4
3110238,배꽃어린이공원,골목상권,336080,1402.0,790.0,7.0,27.0,156881860.0,0.0,1.0,0.0,0.0,,,,2026Q2,2025Q4
3110237,메가박스 상봉,골목상권,1009895,4026.0,2254.0,508.0,45.0,166718094.0,0.0,2.0,0.0,2.0,0.0,0.0,163265721.0,2026Q2,2025Q4
3110236,신묵초등학교,골목상권,1514618,7663.0,4037.0,581.0,135.0,158970054.0,0.0,7.0,0.0,0.0,0.0,297154134.0,150139595.0,2026Q2,2025Q4
3110235,세화어린이공원,골목상권,199439,1311.0,797.0,,13.0,166674146.0,0.0,0.0,0.0,0.0,,,,2026Q2,2025Q4
3110234,중랑역 4번,골목상권,270200,847.0,564.0,59.0,6.0,206289069.0,0.0,4.0,2.0,1.0,0.0,724544496.0,0.0,2026Q2,2025Q4
3110233,중랑역 1번,골목상권,1271709,4961.0,2880.0,38.0,59.0,166335071.0,0.0,4.0,0.0,0.0,0.0,4731565.0,175264319.0,2026Q2,2025Q4
3110232,동대부고,골목상권,801491,3184.0,1418.0,1194.0,47.0,211549431.0,1.0,9.0,0.0,1.0,0.0,435845362.0,95842361.0,2026Q2,2025Q4
3110231,장안교,골목상권,31203,193.0,86.0,172.0,2.0,175166667.0,0.0,1.0,0.0,0.0,,,,2026Q2,2025Q4
3110230,장안현대홈타운1차아파트,골목상권,1318282,3788.0,1883.0,369.0,39.0,226436267.0,1.0,0.0,0.0,0.0,0.0,0.0,1546723314.0,2026Q2,2025Q4
3110229,장평중학교,골목상권,1541430,7054.0,3134.0,1285.0,102.0,234727639.0,4.0,15.0,0.0,0.0,0.0,348194906.0,650259754.0,2026Q2,2025Q4
3110228,장안근린공원,골목상권,1807217,4966.0,2606.0,813.0,59.0,193320689.0,3.0,6.0,0.0,1.0,0.0,77019450.0,0.0,2026Q2,2025Q4
3110227,답십리공원,골목상권,484300,889.0,433.0,709.0,10.0,175803270.0,2.0,6.0,3.0,0.0,0.0,1288687155.0,0.0,2026Q2,2025Q4
3110226,장안1동주민센터,골목상권,2949656,10395.0,5563.0,2047.0,122.0,200994910.0,5.0,17.0,4.0,3.0,35917116.0,588742201.0,3221804716.0,2026Q2,2025Q4
3110225,촬영소사거리,골목상권,363018,1120.0,574.0,760.0,14.0,170756909.0,2.0,4.0,2.0,1.0,0.0,187677756.0,0.0,2026Q2,2025Q4
3110224,외대앞역 2번,골목상권,768831,722.0,549.0,61.0,3.0,165070238.0,0.0,1.0,0.0,0.0,,,,2026Q2,2025Q4
3110223,군자초등학교,골목상권,385229,1527.0,744.0,684.0,27.0,203139419.0,0.0,3.0,0.0,1.0,0.0,89218515.0,0.0,2026Q2,2025Q4
3110222,회기역 2번,골목상권,47270,306.0,218.0,33.0,,,0.0,1.0,0.0,0.0,,,,2026Q2,2025Q4
3110221,의릉,골목상권,374787,1059.0,647.0,244.0,18.0,157484554.0,1.0,0.0,1.0,0.0,,,,2026Q2,2025Q4
3110220,외대앞역 1번,골목상권,2285335,1995.0,1411.0,494.0,5.0,152479697.0,0.0,0.0,0.0,1.0,0.0,0.0,1578679189.0,2026Q2,2025Q4
3110219,삼육보건대학교,골목상권,1412052,7536.0,5114.0,761.0,90.0,137418564.0,1.0,1.0,2.0,1.0,0.0,0.0,1126373316.0,2026Q2,2025Q4
3110218,답십리사거리,골목상권,1183647,2303.0,1239.0,1022.0,13.0,169505195.0,0.0,3.0,0.0,1.0,0.0,51099889.0,0.0,2026Q2,2025Q4
3110217,자동차부품상가,골목상권,403154,550.0,320.0,1233.0,1.0,239571429.0,0.0,35.0,0.0,1.0,0.0,242582604.0,0.0,2026Q2,2025Q4
3110216,전농중학교,골목상권,299922,1086.0,570.0,397.0,10.0,179907826.0,0.0,0.0,0.0,3.0,,,,2026Q2,2025Q4
3110215,회기역 1번,골목상권,796402,2025.0,1566.0,82.0,21.0,161161605.0,0.0,0.0,0.0,0.0,0.0,0.0,270914451.0,2026Q2,2025Q4
3110214,경희대후문,골목상권,1657560,2945.0,2249.0,440.0,23.0,178861825.0,0.0,0.0,0.0,0.0,0.0,0.0,1241439878.0,2026Q2,2025Q4
3110213,청량초등학교,골목상권,322145,848.0,562.0,93.0,8.0,172318263.0,0.0,1.0,0.0,0.0,,,,2026Q2,2025Q4
3110212,답십리초등학교,골목상권,1160314,2263.0,1256.0,491.0,7.0,205683857.0,0.0,1.0,0.0,2.0,0.0,0.0,267435616.0,2026Q2,2025Q4
3110211,전곡마을마당공원,골목상권,2346924,3336.0,1897.0,12.0,15.0,212802487.0,0.0,4.0,0.0,0.0,0.0,873670257.0,0.0,2026Q2,2025Q4
3110210,서울시립대,골목상권,2276827,3635.0,2136.0,291.0,65.0,162436967.0,0.0,1.0,0.0,0.0,0.0,0.0,1343984306.0,2026Q2,2025Q4
3110209,답십리 장령당공원,골목상권,336916,666.0,404.0,210.0,6.0,184417316.0,,,,,,,,2026Q2,2025Q4
3110208,시조사삼거리,골목상권,269004,982.0,696.0,62.0,17.0,143851035.0,0.0,0.0,0.0,0.0,,,,2026Q2,2025Q4
3110207,시립대앞사거리,골목상권,854254,926.0,593.0,6.0,16.0,167318561.0,0.0,0.0,0.0,2.0,,,,2026Q2,2025Q4
3110206,텃골근린공원,골목상권,1092164,3421.0,1944.0,20.0,37.0,177365275.0,1.0,3.0,2.0,1.0,0.0,0.0,449274340.0,2026Q2,2025Q4
3110205,경희대삼거리,골목상권,1960378,2465.0,1660.0,,32.0,131279363.0,,,,,,,,2026Q2,2025Q4
3110204,간데메공원,골목상권,1473494,3331.0,1691.0,744.0,28.0,251901982.0,2.0,2.0,0.0,0.0,0.0,0.0,171092531.0,2026Q2,2025Q4
3110203,떡전교사거리,골목상권,780858,1716.0,1017.0,344.0,17.0,129980414.0,0.0,0.0,0.0,1.0,,,,2026Q2,2025Q4
3110202,전농1동주민센터(전농시장),골목상권,452389,835.0,552.0,8.0,7.0,425756173.0,,,,,,,,2026Q2,2025Q4
3110201,전농119안전센터,골목상권,146932,467.0,324.0,13.0,2.0,178910000.0,2.0,2.0,0.0,0.0,,,,2026Q2,2025Q4
3110200,동대문경찰서,골목상권,363314,749.0,444.0,73.0,7.0,192605327.0,,,,,,,,2026Q2,2025Q4
3110199,홍릉시장,골목상권,336400,933.0,633.0,286.0,3.0,167926250.0,0.0,1.0,0.0,0.0,,,,2026Q2,2025Q4
3110198,동대문중앙새마을금고본점,골목상권,273895,115.0,75.0,38.0,,,0.0,0.0,0.0,0.0,,,,2026Q2,2025Q4
3110197,세종대왕기념관교차로,골목상권,218440,494.0,293.0,55.0,7.0,173297887.0,0.0,2.0,1.0,0.0,,,,2026Q2,2025Q4
3110196,홍릉근린공원,골목상권,228343,1150.0,795.0,34.0,,,0.0,0.0,0.0,0.0,,,,2026Q2,2025Q4
3110195,동대문구청,골목상권,1594161,3467.0,2193.0,1604.0,36.0,178747844.0,0.0,0.0,0.0,1.0,,,,2026Q2,2025Q4
3110194,홍파초등학교,골목상권,327109,1592.0,888.0,233.0,15.0,196365996.0,1.0,1.0,0.0,0.0,,,,2026Q2,2025Q4
3110193,고려대역 4번,골목상권,714624,1323.0,916.0,124.0,40.0,109161780.0,1.0,3.0,0.0,0.0,0.0,66214485.0,155421394.0,2026Q2,2025Q4
3110192,동의보감타워,골목상권,243997,585.0,471.0,625.0,,,0.0,0.0,1.0,0.0,,,,2026Q2,2025Q4
3110191,고려대역 6번,골목상권,1534746,1270.0,948.0,115.0,12.0,123805194.0,0.0,1.0,3.0,0.0,,,,2026Q2,2025Q4
3110190,고대앞사거리,골목상권,1214766,2370.0,1511.0,118.0,32.0,161767176.0,0.0,0.0,0.0,0.0,0.0,0.0,435386954.0,2026Q2,2025Q4
3110189,제기동역 1번,골목상권,652468,2301.0,1263.0,669.0,58.0,223807316.0,0.0,0.0,0.0,1.0,0.0,0.0,396754996.0,2026Q2,2025Q4
3110188,용두동신동아아파트,골목상권,596298,4328.0,2214.0,2128.0,26.0,244411884.0,2.0,3.0,0.0,0.0,0.0,313596069.0,0.0,2026Q2,2025Q4
3110187,제기동역 6번,골목상권,2795064,4382.0,3004.0,2432.0,34.0,187347087.0,2.0,4.0,0.0,4.0,0.0,139313272.0,671166255.0,2026Q2,2025Q4
3110186,종암초등학교,골목상권,153864,464.0,345.0,97.0,5.0,138080000.0,0.0,1.0,0.0,1.0,,,,2026Q2,2025Q4
3110185,용두초등학교,골목상권,669182,384.0,231.0,289.0,1.0,305833333.0,,,,,,,,2026Q2,2025Q4
3110184,용두사거리,골목상권,360434,205.0,130.0,367.0,1.0,73266667.0,0.0,1.0,0.0,0.0,,,,2026Q2,2025Q4
3110183,한국의류시험연구원,골목상권,674399,522.0,354.0,829.0,3.0,203335859.0,0.0,1.0,0.0,0.0,,,,2026Q2,2025Q4
3110182,용두희망어린이공원,골목상권,931360,1046.0,766.0,652.0,7.0,148449740.0,1.0,2.0,0.0,1.0,0.0,0.0,153612861.0,2026Q2,2025Q4
3110181,신설동역 9번,골목상권,1238804,2000.0,1384.0,3149.0,9.0,222837626.0,0.0,3.0,1.0,2.0,0.0,80276160.0,197428118.0,2026Q2,2025Q4
3110180,광진정보도서관,골목상권,245363,1207.0,591.0,7034.0,23.0,416063952.0,1.0,1.0,3.0,1.0,0.0,521436530.0,0.0,2026Q2,2025Q4
3110179,광나루역 1번,골목상권,403911,998.0,533.0,1004.0,18.0,196908698.0,0.0,1.0,1.0,0.0,,,,2026Q2,2025Q4
3110178,장로회신학대학교,골목상권,284036,1055.0,511.0,293.0,8.0,438207215.0,0.0,0.0,0.0,0.0,,,,2026Q2,2025Q4
3110177,동의초등학교,골목상권,136350,1457.0,648.0,72.0,36.0,184793099.0,1.0,0.0,0.0,0.0,,,,2026Q2,2025Q4
3110176,해오름공원,골목상권,1133914,5677.0,2891.0,782.0,98.0,157625059.0,1.0,2.0,0.0,0.0,0.0,0.0,203882231.0,2026Q2,2025Q4
3110175,푸른동산공원,골목상권,966903,4797.0,2501.0,874.0,109.0,197277634.0,0.0,1.0,0.0,1.0,,,,2026Q2,2025Q4
3110174,아차산역 1번,골목상권,778698,4553.0,2065.0,683.0,104.0,198569078.0,0.0,1.0,0.0,2.0,0.0,0.0,340527234.0,2026Q2,2025Q4
3110173,구남초등학교,골목상권,370457,1266.0,738.0,542.0,34.0,238987784.0,0.0,0.0,0.0,1.0,,,,2026Q2,2025Q4
3110172,광진초등학교,골목상권,946631,3784.0,1804.0,973.0,79.0,198646921.0,0.0,2.0,0.0,1.0,0.0,0.0,424135026.0,2026Q2,2025Q4
3110171,중곡4동주민센터,골목상권,349501,2156.0,1051.0,222.0,47.0,161459110.0,0.0,1.0,0.0,0.0,,,,2026Q2,2025Q4
3110170,동대부여고,골목상권,2126142,6050.0,3480.0,389.0,135.0,172642204.0,1.0,1.0,0.0,1.0,,,,2026Q2,2025Q4
3110169,성동초등학교,골목상권,735492,2412.0,1355.0,603.0,54.0,233105943.0,1.0,1.0,0.0,1.0,0.0,0.0,243280550.0,2026Q2,2025Q4
3110168,대원고등학교,골목상권,544184,2486.0,1131.0,418.0,63.0,169581872.0,1.0,1.0,0.0,1.0,0.0,0.0,111268844.0,2026Q2,2025Q4
3110167,용마초등학교,골목상권,1694137,6587.0,3235.0,499.0,121.0,188072080.0,1.0,1.0,0.0,0.0,0.0,0.0,486613599.0,2026Q2,2025Q4
3110166,구의1동주민센터,골목상권,1477120,5804.0,3525.0,439.0,113.0,173072978.0,0.0,0.0,0.0,2.0,0.0,0.0,457767691.0,2026Q2,2025Q4
3110165,국립정신건강센터,골목상권,764032,3952.0,1915.0,310.0,80.0,182688800.0,0.0,5.0,0.0,1.0,0.0,837147706.0,416406251.0,2026Q2,2025Q4
3110164,아차산역 5번,골목상권,459704,3223.0,1765.0,190.0,48.0,220827037.0,0.0,0.0,0.0,0.0,,,,2026Q2,2025Q4
3110163,성자초등학교,골목상권,536000,2799.0,1281.0,740.0,70.0,224542581.0,2.0,1.0,2.0,1.0,0.0,0.0,348498305.0,2026Q2,2025Q4
3110162,군자역 4번,골목상권,342887,3566.0,1689.0,181.0,93.0,186984276.0,0.0,0.0,0.0,2.0,0.0,0.0,479607204.0,2026Q2,2025Q4
3110161,중곡역 3번,골목상권,572945,4609.0,2471.0,194.0,81.0,169076525.0,0.0,1.0,0.0,0.0,,,,2026Q2,2025Q4
3110160,광진경찰서,골목상권,572949,1720.0,951.0,330.0,43.0,170336213.0,0.0,1.0,0.0,0.0,,,,2026Q2,2025Q4
3110159,구의역 4번,골목상권,3063270,8475.0,4831.0,2715.0,155.0,199283440.0,4.0,4.0,0.0,0.0,0.0,92503718.0,394404140.0,2026Q2,2025Q4
3110158,중곡3동주민센터,골목상권,2356590,6201.0,3564.0,268.0,84.0,173680225.0,0.0,3.0,0.0,1.0,0.0,17709454.0,188597210.0,2026Q2,2025Q4
3110157,자양동우체국,골목상권,1371155,5379.0,2587.0,613.0,136.0,225393033.0,1.0,1.0,0.0,5.0,0.0,0.0,350337797.0,2026Q2,2025Q4
3110156,군자역 5번,골목상권,956232,5971.0,3496.0,332.0,98.0,198802672.0,1.0,0.0,0.0,0.0,0.0,0.0,420519495.0,2026Q2,2025Q4
3110155,광진구청,골목상권,1206889,4025.0,2147.0,1480.0,73.0,226108436.0,0.0,4.0,0.0,1.0,0.0,173670656.0,320562906.0,2026Q2,2025Q4
3110154,광진정말공원,골목상권,1484397,4109.0,2155.0,1449.0,79.0,191647561.0,0.0,2.0,0.0,2.0,0.0,0.0,385949591.0,2026Q2,2025Q4
3110153,중곡1동주민센터,골목상권,362001,2291.0,1284.0,208.0,57.0,189887156.0,0.0,0.0,0.0,0.0,,,,2026Q2,2025Q4
3110152,중곡어린이공원,골목상권,204441,1998.0,1031.0,256.0,26.0,177806494.0,0.0,5.0,3.0,0.0,0.0,93175649.0,0.0,2026Q2,2025Q4
3110151,자양한강도서관,골목상권,1276464,4293.0,2279.0,720.0,86.0,211906528.0,1.0,3.0,0.0,3.0,0.0,32364413.0,670949652.0,2026Q2,2025Q4
3110150,중곡1동 마을마당,골목상권,1320712,5501.0,3123.0,1119.0,83.0,180822344.0,0.0,8.0,0.0,2.0,0.0,381737290.0,132372553.0,2026Q2,2025Q4
3110149,세종대학교,골목상권,170872,1065.0,636.0,214.0,21.0,222036080.0,0.0,3.0,0.0,1.0,0.0,380764874.0,0.0,2026Q2,2025Q4
3110148,어린이대공원역 3번,골목상권,636145,1588.0,1155.0,22.0,7.0,142183844.0,0.0,1.0,0.0,0.0,,,,2026Q2,2025Q4
3110147,능동우편취급국,골목상권,1231366,6012.0,3522.0,225.0,105.0,179080695.0,0.0,5.0,1.0,0.0,0.0,192264956.0,468049621.0,2026Q2,2025Q4
3110146,신자초등학교,골목상권,1023930,3483.0,1780.0,594.0,52.0,327258885.0,0.0,2.0,0.0,1.0,0.0,0.0,184829673.0,2026Q2,2025Q4
3110145,장안초등학교,골목상권,323128,546.0,334.0,9.0,2.0,213933333.0,0.0,0.0,0.0,4.0,0.0,0.0,356552778.0,2026Q2,2025Q4
3110144,어린이대공원역 4번,골목상권,357421,1994.0,1673.0,29.0,22.0,114940955.0,0.0,0.0,0.0,1.0,0.0,0.0,102920545.0,2026Q2,2025Q4
3110143,뚝섬유원지역 1번,골목상권,172344,100.0,46.0,60.0,,,,,,,,,,2026Q2,2025Q4
3110142,화양사거리,골목상권,2239757,6384.0,5167.0,89.0,73.0,149274310.0,0.0,1.0,0.0,1.0,0.0,0.0,1500310674.0,2026Q2,2025Q4
3110141,건대입구역 1번,골목상권,1763574,2945.0,2173.0,74.0,24.0,146657026.0,1.0,0.0,0.0,0.0,0.0,0.0,421522405.0,2026Q2,2025Q4
3110140,건대입구역 6번,골목상권,2453187,5105.0,3146.0,194.0,60.0,204546668.0,0.0,1.0,0.0,1.0,0.0,0.0,1332432506.0,2026Q2,2025Q4
3110139,자양4동주민센터,골목상권,1616330,4940.0,3063.0,104.0,43.0,229136307.0,1.0,3.0,0.0,2.0,0.0,49587104.0,416097363.0,2026Q2,2025Q4
3110138,송정체육공원,골목상권,1196538,3168.0,1919.0,217.0,25.0,179211156.0,1.0,3.0,0.0,1.0,0.0,150955292.0,0.0,2026Q2,2025Q4
3110137,성수초등학교,골목상권,2154064,1557.0,916.0,11919.0,8.0,418010417.0,8.0,35.0,3.0,1.0,288198937.0,1665682986.0,2504817613.0,2026Q2,2025Q4
3110136,경수초등학교,골목상권,1069420,1844.0,915.0,4863.0,17.0,365321445.0,6.0,13.0,1.0,3.0,0.0,1215259774.0,126662358.0,2026Q2,2025Q4
3110135,성동세무서,골목상권,223426,1057.0,637.0,531.0,10.0,189452367.0,1.0,2.0,0.0,0.0,,,,2026Q2,2025Q4
3110134,성수119안전센터,골목상권,1464787,5117.0,2753.0,601.0,46.0,684142934.0,2.0,9.0,0.0,0.0,0.0,302054141.0,1522185535.0,2026Q2,2025Q4
3110133,서울교통공사,골목상권,258876,1772.0,905.0,433.0,6.0,268880303.0,2.0,9.0,1.0,0.0,0.0,99202989.0,0.0,2026Q2,2025Q4
3110132,성수2가3동주민센터,골목상권,590101,1740.0,1146.0,1105.0,30.0,195930943.0,1.0,0.0,1.0,1.0,,,,2026Q2,2025Q4
3110131,성수동카페거리,골목상권,1130942,2191.0,1303.0,4421.0,28.0,271588559.0,0.0,1.0,0.0,1.0,0.0,0.0,607382442.0,2026Q2,2025Q4
3110130,답십리역 6번,골목상권,484688,1129.0,636.0,56.0,6.0,241425794.0,0.0,0.0,0.0,0.0,,,,2026Q2,2025Q4
3110129,성원어린이공원,골목상권,160483,1413.0,785.0,1422.0,3.0,528373016.0,0.0,5.0,1.0,0.0,0.0,397185369.0,0.0,2026Q2,2025Q4
3110128,성원중학교,골목상권,990416,6713.0,3795.0,1406.0,63.0,703674676.0,1.0,6.0,1.0,0.0,0.0,105679948.0,698670595.0,2026Q2,2025Q4
3110127,성수1가1동주민센터,골목상권,153128,868.0,636.0,504.0,7.0,319022727.0,0.0,1.0,0.0,0.0,,,,2026Q2,2025Q4
3110126,서울숲역 1번,골목상권,246164,511.0,296.0,163.0,9.0,326291667.0,0.0,0.0,0.0,0.0,,,,2026Q2,2025Q4
3110125,사근동살곶이상점가,골목상권,1028716,4259.0,2902.0,97.0,40.0,122984289.0,0.0,0.0,0.0,2.0,0.0,0.0,369960588.0,2026Q2,2025Q4
3110124,뚝섬역교차로,골목상권,361265,740.0,458.0,1666.0,8.0,410606092.0,2.0,4.0,0.0,1.0,0.0,0.0,760008138.0,2026Q2,2025Q4
3110123,마장역 3번,골목상권,815043,2538.0,1518.0,667.0,28.0,206047650.0,1.0,6.0,0.0,2.0,0.0,73142069.0,0.0,2026Q2,2025Q4
3110122,마장역 2번,골목상권,379504,768.0,342.0,980.0,6.0,276869865.0,1.0,1.0,3.0,0.0,,,,2026Q2,2025Q4
3110121,한양대역 4번,골목상권,245953,990.0,844.0,70.0,8.0,121020492.0,0.0,0.0,0.0,2.0,,,,2026Q2,2025Q4
3110120,서울숲카페거리,골목상권,370448,690.0,348.0,228.0,5.0,552217593.0,,,,,,,,2026Q2,2025Q4
3110119,마장지하차도,골목상권,133819,245.0,144.0,316.0,,,0.0,1.0,0.0,0.0,,,,2026Q2,2025Q4
3110118,왕십리역 9번,골목상권,2064277,905.0,545.0,325.0,21.0,291331169.0,0.0,0.0,0.0,0.0,,,,2026Q2,2025Q4
3110117,성동구보건소,골목상권,434627,1449.0,808.0,430.0,9.0,176926077.0,1.0,2.0,2.0,0.0,,,,2026Q2,2025Q4
3110116,청계천박물관,골목상권,581100,1809.0,939.0,1399.0,6.0,160746519.0,0.0,3.0,0.0,0.0,,,,2026Q2,2025Q4
3110115,상왕십리역 3번,골목상권,1004686,1914.0,1080.0,630.0,22.0,175574116.0,2.0,1.0,0.0,0.0,0.0,0.0,203379508.0,2026Q2,2025Q4
3110114,왕십리파출소,골목상권,383872,735.0,356.0,153.0,3.0,294161616.0,0.0,2.0,0.0,0.0,,,,2026Q2,2025Q4
3110113,응봉산,골목상권,180369,1348.0,615.0,475.0,26.0,424976199.0,0.0,1.0,0.0,0.0,,,,2026Q2,2025Q4
3110112,행당역 2번,골목상권,875616,2593.0,1363.0,106.0,36.0,227153292.0,2.0,1.0,0.0,0.0,,,,2026Q2,2025Q4
3110111,대현산장미원,골목상권,477155,1322.0,612.0,67.0,68.0,106772740.0,,,,,,,,2026Q2,2025Q4
3110110,상왕십리역 6번,골목상권,1070764,1902.0,1158.0,297.0,12.0,208434870.0,0.0,0.0,0.0,0.0,,,,2026Q2,2025Q4
3110109,금호삼성래미안아파트,골목상권,373834,411.0,227.0,1253.0,1.0,396666667.0,1.0,0.0,0.0,0.0,,,,2026Q2,2025Q4
3110108,성동구립금호도서관,골목상권,93628,3.0,1.0,242.0,,,0.0,0.0,0.0,2.0,,,,2026Q2,2025Q4
3110107,금호사거리,골목상권,65316,417.0,237.0,143.0,1.0,373833333.0,1.0,2.0,1.0,0.0,,,,2026Q2,2025Q4
3110106,금북초등학교,골목상권,114949,850.0,408.0,237.0,58.0,134411624.0,0.0,0.0,0.0,0.0,,,,2026Q2,2025Q4
3110105,금동어린이공원,골목상권,548888,2661.0,1377.0,49.0,53.0,252288353.0,0.0,0.0,0.0,1.0,,,,2026Q2,2025Q4
3110104,신금호역 4번,골목상권,991560,2665.0,1309.0,67.0,50.0,250041940.0,0.0,0.0,0.0,0.0,,,,2026Q2,2025Q4
3110103,옥수터널,골목상권,222622,383.0,204.0,167.0,4.0,362237405.0,,,,,,,,2026Q2,2025Q4
3110102,옥수역 6번,골목상권,477694,752.0,409.0,1402.0,4.0,175346970.0,1.0,0.0,0.0,1.0,0.0,0.0,201995033.0,2026Q2,2025Q4
3110101,옥정중학교,골목상권,164037,670.0,388.0,1323.0,10.0,230331494.0,1.0,1.0,1.0,0.0,,,,2026Q2,2025Q4
3110100,옥수동우편취급국,골목상권,75114,94.0,39.0,334.0,3.0,818222222.0,,,,,,,,2026Q2,2025Q4
3110099,유엔빌리지길,골목상권,249704,1774.0,785.0,1956.0,89.0,1765885979.0,0.0,0.0,0.0,0.0,,,,2026Q2,2025Q4
3110098,서울독일학교,골목상권,97617,224.0,117.0,2490.0,6.0,889746086.0,,,,,,,,2026Q2,2025Q4
3110097,한남초등학교,골목상권,65966,168.0,101.0,325.0,3.0,174833333.0,,,,,,,,2026Q2,2025Q4
3110096,한남힐사이드아파트,골목상권,125408,896.0,424.0,1356.0,34.0,304964244.0,0.0,0.0,0.0,0.0,,,,2026Q2,2025Q4
3110095,한강진역 3번,골목상권,544327,1557.0,943.0,5343.0,36.0,651449215.0,0.0,1.0,0.0,0.0,0.0,0.0,194145134.0,2026Q2,2025Q4
3110094,오산중학교,골목상권,78989,336.0,189.0,24.0,,,0.0,1.0,0.0,0.0,,,,2026Q2,2025Q4
3110093,우사단길,골목상권,1239034,4559.0,2829.0,7584.0,92.0,763593724.0,0.0,0.0,0.0,0.0,,,,2026Q2,2025Q4
3110092,NH농협은행 보광동지점,골목상권,276005,2715.0,1527.0,99.0,21.0,738181234.0,1.0,0.0,0.0,0.0,,,,2026Q2,2025Q4
3110091,리움미술관,골목상권,232543,121.0,72.0,1263.0,,,,,,,,,,2026Q2,2025Q4
3110090,한국폴리텍대학서울정수캠퍼스,골목상권,683631,1917.0,1116.0,1290.0,27.0,881376013.0,0.0,0.0,0.0,0.0,0.0,0.0,148385578.0,2026Q2,2025Q4
3110089,서빙고동주민센터,골목상권,452905,2147.0,1134.0,1948.0,60.0,831882597.0,2.0,2.0,0.0,1.0,0.0,877091581.0,0.0,2026Q2,2025Q4
3110088,오산고등학교,골목상권,332631,1738.0,824.0,2001.0,41.0,993307585.0,0.0,0.0,0.0,2.0,0.0,0.0,547243136.0,2026Q2,2025Q4
3110087,이태원엔틱가구거리,골목상권,170232,1097.0,698.0,695.0,8.0,424754461.0,1.0,0.0,0.0,0.0,,,,2026Q2,2025Q4
3110086,이태원역 북측,골목상권,483642,1026.0,544.0,290.0,25.0,580437314.0,0.0,0.0,0.0,0.0,,,,2026Q2,2025Q4
3110085,경리단길남측,골목상권,1297395,2602.0,1483.0,508.0,77.0,383034324.0,0.0,1.0,0.0,3.0,0.0,0.0,1214453608.0,2026Q2,2025Q4
3110084,경리단길북측,골목상권,1038045,3276.0,1966.0,327.0,61.0,259974098.0,0.0,0.0,0.0,1.0,0.0,0.0,275490364.0,2026Q2,2025Q4
3110083,서빙고역 1번,골목상권,91712,609.0,332.0,4933.0,8.0,328927500.0,0.0,2.0,2.0,0.0,0.0,166957966.0,0.0,2026Q2,2025Q4
3110082,용산구청,골목상권,323952,894.0,551.0,6410.0,13.0,431366166.0,0.0,0.0,0.0,0.0,,,,2026Q2,2025Q4
3110081,해방촌 남동측,골목상권,1659652,2787.0,1612.0,223.0,68.0,227115188.0,0.0,0.0,0.0,0.0,0.0,0.0,655395978.0,2026Q2,2025Q4
3110080,해방촌예술마을,골목상권,1861067,3741.0,2031.0,371.0,134.0,191889563.0,1.0,1.0,0.0,2.0,0.0,0.0,174772894.0,2026Q2,2025Q4
3110079,후암동주민센터,골목상권,1954531,9435.0,4818.0,1199.0,237.0,288530997.0,2.0,1.0,3.0,1.0,0.0,0.0,435844696.0,2026Q2,2025Q4
3110078,이촌동점보아파트,골목상권,116753,431.0,146.0,811.0,1.0,1145916667.0,0.0,0.0,0.0,1.0,,,,2026Q2,2025Q4
3110077,삼광초등학교,골목상권,596687,1192.0,623.0,155.0,16.0,356734053.0,0.0,1.0,0.0,0.0,,,,2026Q2,2025Q4
3110076,삼각지역 14번,골목상권,80266,12.0,11.0,436.0,,,,,,,,,,2026Q2,2025Q4
3110075,숙대입구역 1번,골목상권,773914,2732.0,1665.0,2139.0,47.0,364158489.0,1.0,2.0,3.0,1.0,0.0,134581493.0,243913775.0,2026Q2,2025Q4
3110074,서울역 12번,골목상권,501401,3127.0,2419.0,5145.0,35.0,378372222.0,0.0,1.0,1.0,0.0,0.0,0.0,993000000.0,2026Q2,2025Q4
3110073,삼각지역 3번,골목상권,243821,468.0,348.0,2372.0,10.0,284933254.0,,,,,,,,2026Q2,2025Q4
3110072,열정도,골목상권,194389,70.0,56.0,320.0,,,0.0,0.0,0.0,0.0,,,,2026Q2,2025Q4
3110071,한강미주맨션아파트,골목상권,138395,525.0,173.0,2205.0,6.0,946282407.0,0.0,0.0,0.0,1.0,,,,2026Q2,2025Q4
3110070,용산세무서,골목상권,62424,94.0,41.0,385.0,1.0,498000000.0,,,,,,,,2026Q2,2025Q4
3110069,숙대입구,골목상권,2495583,5123.0,3258.0,1042.0,72.0,235634066.0,1.0,0.0,0.0,2.0,0.0,0.0,523923287.0,2026Q2,2025Q4
3110068,남영역 1번,골목상권,1625408,4530.0,3074.0,857.0,47.0,285527894.0,0.0,2.0,0.0,1.0,0.0,0.0,1024726729.0,2026Q2,2025Q4
3110067,배문고등학교,골목상권,1665730,7386.0,4017.0,705.0,227.0,252741554.0,0.0,3.0,0.0,0.0,0.0,2456348979.0,203270633.0,2026Q2,2025Q4
3110066,서울역 15번,골목상권,1600994,2631.0,1618.0,1065.0,71.0,205505122.0,0.0,0.0,0.0,1.0,0.0,0.0,1154296573.0,2026Q2,2025Q4
3110065,남정초등학교,골목상권,78802,221.0,139.0,203.0,2.0,259943182.0,0.0,1.0,0.0,0.0,,,,2026Q2,2025Q4
3110064,효창공원앞역 2번,골목상권,1514935,2873.0,1466.0,818.0,85.0,282933884.0,0.0,1.0,0.0,1.0,0.0,0.0,262679879.0,2026Q2,2025Q4
3110063,효창공원앞역 5번,골목상권,838751,2678.0,1603.0,1297.0,55.0,254689254.0,1.0,0.0,0.0,0.0,,,,2026Q2,2025Q4
3110062,한강로동땡땡거리(은행나무길),골목상권,933689,1021.0,606.0,2802.0,14.0,518169141.0,2.0,3.0,0.0,0.0,0.0,217007723.0,0.0,2026Q2,2025Q4
3110061,효창동주민센터,골목상권,1326225,3725.0,1854.0,675.0,81.0,251102041.0,0.0,2.0,0.0,0.0,,,,2026Q2,2025Q4
3110060,효창공원앞역 6번,골목상권,553116,3139.0,1611.0,1246.0,103.0,271947796.0,3.0,3.0,0.0,1.0,0.0,96525457.0,318844403.0,2026Q2,2025Q4
3110059,새남터성지,골목상권,550064,1374.0,755.0,2035.0,36.0,461009692.0,1.0,3.0,0.0,0.0,0.0,338025012.0,0.0,2026Q2,2025Q4
3110058,성심여자고등학교,골목상권,1389720,3633.0,2135.0,949.0,49.0,306424346.0,1.0,10.0,0.0,3.0,0.0,197395217.0,13496564.0,2026Q2,2025Q4
3110057,황학코아루아파트,골목상권,843812,1883.0,1435.0,135.0,6.0,264406566.0,0.0,0.0,0.0,0.0,,,,2026Q2,2025Q4
3110056,신당역 3번,골목상권,1401357,4512.0,2493.0,499.0,36.0,215407962.0,0.0,0.0,0.0,1.0,,,,2026Q2,2025Q4
3110055,황학동벼룩시장,골목상권,338911,305.0,223.0,75.0,,,,,,,,,,2026Q2,2025Q4
3110054,청구역 3번,골목상권,742695,1850.0,1095.0,1867.0,21.0,225355142.0,0.0,0.0,0.0,1.0,0.0,0.0,297696577.0,2026Q2,2025Q4
3110053,청구역 1번,골목상권,929290,2248.0,1306.0,93.0,13.0,173909464.0,1.0,1.0,0.0,2.0,0.0,0.0,504778793.0,2026Q2,2025Q4
3110052,장충초등학교,골목상권,451085,1646.0,890.0,794.0,27.0,238559003.0,2.0,2.0,1.0,0.0,,,,2026Q2,2025Q4
3110051,한양공고앞 교차로,골목상권,961158,1166.0,708.0,28.0,10.0,223503864.0,0.0,0.0,0.0,1.0,,,,2026Q2,2025Q4
3110050,약수역 7번,골목상권,357381,641.0,359.0,3447.0,13.0,194157111.0,,,,,,,,2026Q2,2025Q4
3110049,장충단 고개,골목상권,628447,1962.0,1039.0,2337.0,45.0,270887710.0,0.0,0.0,0.0,0.0,,,,2026Q2,2025Q4
3110048,장충동주민센터,골목상권,1037576,2331.0,1252.0,1079.0,43.0,379131179.0,1.0,0.0,1.0,0.0,,,,2026Q2,2025Q4
3110047,다산성곽길,골목상권,592634,2342.0,1131.0,391.0,57.0,229870672.0,1.0,0.0,0.0,0.0,,,,2026Q2,2025Q4
3110046,버티고개,골목상권,604871,3437.0,1670.0,126.0,147.0,125528923.0,0.0,1.0,0.0,0.0,,,,2026Q2,2025Q4
3110045,동대문역사문화공원역 5번,골목상권,349683,870.0,527.0,1216.0,4.0,161539583.0,0.0,1.0,0.0,0.0,,,,2026Q2,2025Q4
3110044,관성묘,골목상권,174173,206.0,134.0,443.0,4.0,148518182.0,1.0,0.0,4.0,0.0,,,,2026Q2,2025Q4
3110043,충무초등학교,골목상권,847263,2312.0,1622.0,2205.0,114.0,118149882.0,0.0,2.0,0.0,1.0,0.0,0.0,556008491.0,2026Q2,2025Q4
3110042,남산골공원옆,골목상권,239656,1009.0,580.0,1562.0,13.0,193920549.0,0.0,0.0,0.0,0.0,,,,2026Q2,2025Q4
3110041,남산케이블카,골목상권,256045,627.0,402.0,954.0,3.0,196253968.0,0.0,0.0,0.0,1.0,0.0,0.0,96524023.0,2026Q2,2025Q4
3110040,중구회현체육센터(정화예술대남산캠퍼스),골목상권,124713,818.0,457.0,657.0,6.0,216179630.0,0.0,2.0,0.0,0.0,,,,2026Q2,2025Q4
3110039,회현역 1번,골목상권,95602,96.0,60.0,339.0,,,,,,,,,,2026Q2,2025Q4
3110038,경향신문사,골목상권,25586,11.0,6.0,2843.0,,,0.0,0.0,0.0,0.0,0.0,0.0,554032029.0,2026Q2,2025Q4
3110037,신설동역 12번,골목상권,820134,1505.0,839.0,1055.0,38.0,158586352.0,0.0,1.0,1.0,1.0,0.0,0.0,392154995.0,2026Q2,2025Q4
3110036,동묘앞역 3번,골목상권,355384,501.0,447.0,145.0,1.0,83300000.0,0.0,0.0,0.0,0.0,,,,2026Q2,2025Q4
3110035,동묘앞역 2번,골목상권,1190443,3098.0,1825.0,213.0,89.0,145629605.0,0.0,1.0,0.0,0.0,,,,2026Q2,2025Q4
3110034,창신1동주민센터,골목상권,282996,74.0,56.0,57.0,,,,,,,,,,2026Q2,2025Q4
3110033,창신역 4번,골목상권,824433,1799.0,984.0,143.0,19.0,193751868.0,0.0,0.0,0.0,0.0,,,,2026Q2,2025Q4
3110032,수족관거리,골목상권,108539,11.0,7.0,88.0,,,0.0,0.0,0.0,0.0,,,,2026Q2,2025Q4
3110031,창신역 1번,골목상권,68566,474.0,267.0,69.0,4.0,176220455.0,0.0,0.0,1.0,0.0,,,,2026Q2,2025Q4
3110030,동대문역 3번,골목상권,136097,169.0,107.0,24.0,1.0,176000000.0,0.0,0.0,0.0,0.0,,,,2026Q2,2025Q4
3110029,동대문역 1번,골목상권,2307516,4928.0,2596.0,45.0,124.0,145027275.0,0.0,0.0,0.0,0.0,,,,2026Q2,2025Q4
3110028,이화달팽이길,골목상권,2343385,3535.0,2097.0,722.0,23.0,174263300.0,0.0,1.0,0.0,0.0,0.0,0.0,2740949536.0,2026Q2,2025Q4
3110027,혜화역 1번,골목상권,339103,2475.0,1423.0,130.0,101.0,134365084.0,0.0,0.0,0.0,0.0,,,,2026Q2,2025Q4
3110026,종로5가역 4번,골목상권,251428,87.0,53.0,454.0,,,,,,,,,,2026Q2,2025Q4
3110025,충신시장옆,골목상권,357136,939.0,451.0,575.0,1.0,121500000.0,0.0,1.0,0.0,0.0,,,,2026Q2,2025Q4
3110024,혜화동주민센터,골목상권,688421,979.0,612.0,521.0,12.0,178239836.0,0.0,0.0,1.0,0.0,,,,2026Q2,2025Q4
3110023,서울대병원,골목상권,883851,538.0,364.0,87.0,45.0,101211064.0,0.0,0.0,0.0,0.0,,,,2026Q2,2025Q4
3110022,경신고등학교,골목상권,446202,1512.0,795.0,325.0,33.0,215567537.0,1.0,3.0,0.0,0.0,0.0,480547170.0,0.0,2026Q2,2025Q4
3110021,성균관대학교,골목상권,1400561,1887.0,1232.0,669.0,27.0,169575470.0,0.0,0.0,0.0,1.0,,,,2026Q2,2025Q4
3110020,서울국제고등학교,골목상권,1914915,3738.0,2290.0,494.0,102.0,140643747.0,0.0,0.0,0.0,1.0,0.0,0.0,190041827.0,2026Q2,2025Q4
3110019,창덕궁,골목상권,553662,203.0,123.0,1013.0,,,0.0,0.0,0.0,0.0,,,,2026Q2,2025Q4
3110018,중앙고등학교,골목상권,476886,2635.0,1267.0,1400.0,112.0,202037849.0,0.0,1.0,0.0,0.0,,,,2026Q2,2025Q4
3110017,정독도서관,골목상권,418788,638.0,293.0,294.0,10.0,1153964394.0,,,,,,,,2026Q2,2025Q4
3110016,평창동동측,골목상권,28092,1896.0,776.0,5413.0,22.0,400472043.0,1.0,0.0,3.0,1.0,,,,2026Q2,2025Q4
3110015,청와대사랑채,골목상권,81437,550.0,246.0,1114.0,12.0,373441117.0,,,,,,,,2026Q2,2025Q4
3110014,경복고등학교,골목상권,64297,678.0,286.0,509.0,12.0,351638624.0,,,,,,,,2026Q2,2025Q4
3110013,체부동홍종문가옥,골목상권,132819,353.0,199.0,119.0,5.0,409719553.0,,,,,,,,2026Q2,2025Q4
3110012,성곡미술관,골목상권,545469,2099.0,980.0,3035.0,16.0,538009186.0,0.0,2.0,0.0,1.0,0.0,0.0,262612088.0,2026Q2,2025Q4
3110011,청운초등학교,골목상권,42949,427.0,164.0,154.0,10.0,367955952.0,0.0,0.0,0.0,1.0,,,,2026Q2,2025Q4
3110010,평창동서측,골목상권,254055,2857.0,1274.0,5561.0,58.0,534079842.0,0.0,0.0,0.0,1.0,,,,2026Q2,2025Q4
3110009,자하문터널,골목상권,146451,1540.0,725.0,347.0,45.0,225732091.0,0.0,0.0,1.0,0.0,,,,2026Q2,2025Q4
3110008,배화여자대학교(박노수미술관),골목상권,1285405,4306.0,2001.0,1536.0,145.0,200478024.0,1.0,0.0,0.0,1.0,,,,2026Q2,2025Q4
3110007,사직공원(한국사회과학도서관),골목상권,981645,1750.0,833.0,311.0,100.0,141005073.0,0.0,0.0,2.0,0.0,,,,2026Q2,2025Q4
3110006,부암동주민센터,골목상권,7120,445.0,221.0,284.0,2.0,318712121.0,0.0,0.0,0.0,0.0,,,,2026Q2,2025Q4
3110005,세검정,골목상권,63598,1900.0,821.0,544.0,41.0,303902089.0,0.0,0.0,0.0,0.0,,,,2026Q2,2025Q4
3110004,대신고등학교,골목상권,572399,449.0,239.0,31.0,5.0,140680000.0,,,,,,,,2026Q2,2025Q4
3110003,세검정초등학교,골목상권,275530,3020.0,1239.0,1686.0,69.0,269170620.0,0.0,2.0,0.0,2.0,0.0,0.0,200927087.0,2026Q2,2025Q4
3110002,독립문역 1번,골목상권,597240,415.0,185.0,460.0,4.0,325442708.0,0.0,1.0,0.0,0.0,,,,2026Q2,2025Q4
3110001,이북5도청사,골목상권,165634,957.0,395.0,2534.0,18.0,435370606.0,0.0,0.0,0.0,0.0,,,,2026Q2,2025Q4
